-- phpMyAdmin SQL Dump
-- version 5.0.2
-- https://www.phpmyadmin.net/
--
-- Host: 127.0.0.1
-- Generation Time: May 09, 2020 at 12:59 PM
-- Server version: 10.4.11-MariaDB
-- PHP Version: 7.3.17

SET SQL_MODE = "NO_AUTO_VALUE_ON_ZERO";
START TRANSACTION;
SET time_zone = "+00:00";


/*!40101 SET @OLD_CHARACTER_SET_CLIENT=@@CHARACTER_SET_CLIENT */;
/*!40101 SET @OLD_CHARACTER_SET_RESULTS=@@CHARACTER_SET_RESULTS */;
/*!40101 SET @OLD_COLLATION_CONNECTION=@@COLLATION_CONNECTION */;
/*!40101 SET NAMES utf8mb4 */;

--
-- Database: `blogdb`
--

-- --------------------------------------------------------

--
-- Table structure for table `failed_jobs`
--

CREATE TABLE `failed_jobs` (
  `id` bigint(20) UNSIGNED NOT NULL,
  `connection` text COLLATE utf8mb4_unicode_ci NOT NULL,
  `queue` text COLLATE utf8mb4_unicode_ci NOT NULL,
  `payload` longtext COLLATE utf8mb4_unicode_ci NOT NULL,
  `exception` longtext COLLATE utf8mb4_unicode_ci NOT NULL,
  `failed_at` timestamp NOT NULL DEFAULT current_timestamp()
) ENGINE=InnoDB DEFAULT CHARSET=utf8mb4 COLLATE=utf8mb4_unicode_ci;

-- --------------------------------------------------------

--
-- Table structure for table `migrations`
--

CREATE TABLE `migrations` (
  `id` int(10) UNSIGNED NOT NULL,
  `migration` varchar(255) COLLATE utf8mb4_unicode_ci NOT NULL,
  `batch` int(11) NOT NULL
) ENGINE=InnoDB DEFAULT CHARSET=utf8mb4 COLLATE=utf8mb4_unicode_ci;

--
-- Dumping data for table `migrations`
--

INSERT INTO `migrations` (`id`, `migration`, `batch`) VALUES
(1, '2014_10_12_000000_create_users_table', 1),
(2, '2019_08_19_000000_create_failed_jobs_table', 1),
(3, '2020_05_08_170849_create_products_table', 1),
(4, '2020_05_08_171101_create_reviews_table', 1);

-- --------------------------------------------------------

--
-- Table structure for table `products`
--

CREATE TABLE `products` (
  `id` bigint(20) UNSIGNED NOT NULL,
  `name` varchar(255) COLLATE utf8mb4_unicode_ci NOT NULL,
  `detail` text COLLATE utf8mb4_unicode_ci NOT NULL,
  `price` int(11) NOT NULL,
  `stock` int(11) NOT NULL,
  `discount` int(11) NOT NULL,
  `created_at` timestamp NULL DEFAULT NULL,
  `updated_at` timestamp NULL DEFAULT NULL
) ENGINE=InnoDB DEFAULT CHARSET=utf8mb4 COLLATE=utf8mb4_unicode_ci;

--
-- Dumping data for table `products`
--

INSERT INTO `products` (`id`, `name`, `detail`, `price`, `stock`, `discount`, `created_at`, `updated_at`) VALUES
(1, 'possimus', 'Et esse amet maiores et quia in numquam consequatur. Aspernatur autem aut sed sunt consequatur alias.', 638, 1, 18, '2020-05-09 02:00:48', '2020-05-09 02:00:48'),
(2, 'libero', 'Magni quidem quis aliquid. Ad in esse labore accusamus quaerat enim. Suscipit voluptate maxime minus.', 971, 0, 2, '2020-05-09 02:00:48', '2020-05-09 02:00:48'),
(3, 'quo', 'Amet rerum et qui doloremque. Magni et autem dolores. Et sunt iusto corporis quae facilis illo et. Neque ea hic ea ipsam deserunt.', 574, 8, 23, '2020-05-09 02:00:48', '2020-05-09 02:00:48'),
(4, 'repellendus', 'Voluptatem accusamus reiciendis ut earum in. Impedit est maiores vel hic. Sed quidem aut nostrum et pariatur. Consequatur et nihil asperiores beatae.', 696, 5, 10, '2020-05-09 02:00:48', '2020-05-09 02:00:48'),
(5, 'illo', 'Dolor quia enim dolor minus sunt. Officiis quod sint saepe saepe quisquam. Vitae dolorum doloremque aut alias qui aperiam et voluptatibus. Facere asperiores dolorem voluptas quod. Eos distinctio culpa laboriosam quasi omnis.', 775, 5, 24, '2020-05-09 02:00:48', '2020-05-09 02:00:48'),
(6, 'esse', 'Sint aut eum voluptatem dicta. Maiores fugit quia commodi odit quisquam quasi ut corrupti. Optio iste vel tempore repellat sint.', 676, 5, 14, '2020-05-09 02:00:48', '2020-05-09 02:00:48'),
(7, 'ut', 'Consequuntur ex est ut mollitia voluptate quia. Vitae consequuntur ipsam magnam cum. Distinctio error ut tempora iure officia.', 852, 7, 22, '2020-05-09 02:00:48', '2020-05-09 02:00:48'),
(8, 'non', 'Voluptatem delectus quasi totam explicabo voluptatibus quasi rem. Sed nemo nihil corrupti distinctio commodi. Nemo aliquam ipsum aliquid numquam laudantium distinctio.', 350, 8, 26, '2020-05-09 02:00:48', '2020-05-09 02:00:48'),
(9, 'omnis', 'Eaque magnam et ducimus at placeat. Illum dolores nisi tempore expedita. Id dolorem sed et autem maxime et ex a.', 780, 7, 21, '2020-05-09 02:00:48', '2020-05-09 02:00:48'),
(10, 'corporis', 'Quia aut et consequuntur et exercitationem mollitia recusandae fuga. Aut voluptas sed unde est dolore necessitatibus. Ea aliquam aut inventore voluptatem. Aperiam neque et corrupti. Quo facere ut ipsa et quae cum hic at.', 535, 6, 18, '2020-05-09 02:00:48', '2020-05-09 02:00:48'),
(11, 'illo', 'Nulla numquam ab deserunt quo dolor. Possimus enim dolorem voluptas ullam veritatis explicabo quis consectetur. Qui nemo nam similique rerum. Esse est quaerat excepturi pariatur hic enim cumque eligendi.', 135, 1, 5, '2020-05-09 02:00:48', '2020-05-09 02:00:48'),
(12, 'corporis', 'Et culpa ut necessitatibus iusto saepe officiis aut. Voluptatem at repudiandae recusandae aut nesciunt minima est. Ut exercitationem minima sit doloribus eum. Sunt nesciunt ea et libero.', 722, 9, 18, '2020-05-09 02:00:48', '2020-05-09 02:00:48'),
(13, 'nostrum', 'Ab nulla quia autem et nostrum itaque asperiores. Accusamus nisi magnam natus aut. Doloribus ducimus eius dolorum mollitia. Adipisci est vero sunt omnis est repudiandae eum voluptatibus.', 822, 2, 14, '2020-05-09 02:00:48', '2020-05-09 02:00:48'),
(14, 'cupiditate', 'Tempora aliquid quia sit maiores nemo occaecati ipsum. Neque vero odio vitae vel consectetur quasi consequatur. Enim odit repudiandae voluptatem possimus necessitatibus.', 537, 8, 16, '2020-05-09 02:00:48', '2020-05-09 02:00:48'),
(15, 'accusantium', 'Voluptas consectetur voluptatem ea temporibus ut blanditiis id. Impedit earum quidem labore consectetur sit. Omnis cum optio dolores cupiditate accusamus.', 219, 1, 15, '2020-05-09 02:00:48', '2020-05-09 02:00:48'),
(16, 'autem', 'Quia rerum quis fuga. Animi omnis minima veritatis aut nihil sint. Architecto quia officiis amet dolore autem ipsum in molestiae. Ut dignissimos delectus id ullam nam at et.', 956, 2, 23, '2020-05-09 02:00:48', '2020-05-09 02:00:48'),
(17, 'consequatur', 'Recusandae dignissimos quibusdam delectus ut quis fugiat accusamus. Quibusdam reiciendis aperiam nihil sed atque explicabo. Eius temporibus facere non eos aut qui.', 905, 1, 9, '2020-05-09 02:00:48', '2020-05-09 02:00:48'),
(18, 'dolorum', 'Sunt ipsum voluptatum voluptatem maxime sed odio dolores. Ut dolores commodi dolores minima qui. Eveniet autem nesciunt explicabo ut quia quasi fugiat animi.', 915, 4, 4, '2020-05-09 02:00:48', '2020-05-09 02:00:48'),
(19, 'omnis', 'Laboriosam explicabo occaecati ipsa voluptatem eaque et fuga. Accusamus omnis cum amet sit dolores qui et. Beatae et reprehenderit quis.', 601, 2, 4, '2020-05-09 02:00:48', '2020-05-09 02:00:48'),
(20, 'et', 'Dolor doloremque suscipit et assumenda. Quis soluta dicta ea in. Possimus earum ut quis eaque earum magni porro. Eum magnam optio perferendis inventore.', 245, 5, 26, '2020-05-09 02:00:48', '2020-05-09 02:00:48'),
(21, 'voluptatibus', 'Sed error nemo maiores harum vitae consequuntur. Aliquam nisi consectetur earum voluptatem ea dolores et id. Adipisci illum quia quia eligendi officiis vel omnis non. Earum et doloremque voluptate.', 860, 2, 28, '2020-05-09 02:00:48', '2020-05-09 02:00:48'),
(22, 'ut', 'Est eos laudantium quis autem quia. Neque quae dolorum voluptas nam sit facilis. Et blanditiis eos qui ut tenetur. Magnam sit itaque ut ipsam magni non fuga qui. Consequatur et enim nihil quidem amet modi.', 567, 9, 26, '2020-05-09 02:00:48', '2020-05-09 02:00:48'),
(23, 'fuga', 'Illo commodi molestiae quisquam quos. Quia quibusdam neque enim quaerat impedit. Ratione et facere ut. Incidunt non sed suscipit rerum possimus architecto.', 105, 4, 14, '2020-05-09 02:00:48', '2020-05-09 02:00:48'),
(24, 'autem', 'Minima alias officiis explicabo est. Aliquam explicabo non ratione expedita sint. Quidem deleniti asperiores ea ut deleniti.', 783, 6, 3, '2020-05-09 02:00:48', '2020-05-09 02:00:48'),
(25, 'minima', 'Eveniet et ad et voluptatum repudiandae veritatis. Recusandae quisquam repellendus magnam qui et incidunt sed. Explicabo accusamus ipsum qui sint. Soluta praesentium ut tempora placeat sunt.', 344, 6, 5, '2020-05-09 02:00:48', '2020-05-09 02:00:48'),
(26, 'eaque', 'Natus molestias laboriosam qui optio. Necessitatibus dolorem sunt ut est. Dignissimos veritatis odio nisi et. Illo sunt voluptas consequatur quod animi amet voluptatem.', 544, 7, 2, '2020-05-09 02:00:48', '2020-05-09 02:00:48'),
(27, 'quidem', 'Deleniti nisi ut illum neque necessitatibus eum. Doloribus laborum expedita ut itaque ea tenetur cupiditate. Nulla et doloremque nihil praesentium inventore. Ex quam molestiae voluptas repellat a.', 230, 8, 4, '2020-05-09 02:00:48', '2020-05-09 02:00:48'),
(28, 'perferendis', 'Nihil eum nobis aliquam rerum fuga repellendus. Veritatis delectus eos voluptatem veniam excepturi. Quis sunt odit autem autem et consequatur quia. Omnis a explicabo odio qui.', 326, 2, 13, '2020-05-09 02:00:48', '2020-05-09 02:00:48'),
(29, 'quidem', 'Placeat explicabo est nihil iusto necessitatibus fuga ipsum. Dolores quis voluptatem rerum animi. Impedit quos quis quidem iure blanditiis dolores optio. Nulla nemo eos expedita aut labore quia harum.', 471, 8, 5, '2020-05-09 02:00:48', '2020-05-09 02:00:48'),
(30, 'est', 'Qui ullam corrupti blanditiis eveniet voluptatem odio ea. Commodi totam consectetur non minus tempore. Illum explicabo molestiae non occaecati officiis quia officiis veniam. Sit esse et tempore aut qui eum.', 805, 8, 7, '2020-05-09 02:00:48', '2020-05-09 02:00:48'),
(31, 'vero', 'Ullam architecto nostrum est natus. Dolorem perspiciatis provident tempora minima natus. Alias harum veniam vel debitis iure numquam nesciunt.', 511, 5, 30, '2020-05-09 02:00:48', '2020-05-09 02:00:48'),
(32, 'aut', 'Harum nemo et voluptatem et hic quisquam non nesciunt. Placeat vel placeat sint sed assumenda possimus. Quia repellat exercitationem minus labore nostrum velit.', 250, 1, 24, '2020-05-09 02:00:48', '2020-05-09 02:00:48'),
(33, 'amet', 'Voluptate quia vero tempore ipsa impedit voluptas. Laudantium ipsa atque possimus blanditiis repudiandae. Et quo mollitia eveniet quia quia voluptates. Voluptatem et dolorem natus quis quia earum aut.', 120, 0, 3, '2020-05-09 02:00:48', '2020-05-09 02:00:48'),
(34, 'minima', 'Nemo et eos tempora eveniet aspernatur enim soluta. Quibusdam enim nam dicta beatae aut eligendi facere. Deleniti in autem laborum velit. Officiis ipsa sit officiis nisi cumque eius vel. Est esse placeat facilis voluptatem aliquid exercitationem dolores aut.', 322, 7, 11, '2020-05-09 02:00:48', '2020-05-09 02:00:48'),
(35, 'beatae', 'Numquam libero odio adipisci fuga. Nam laboriosam numquam incidunt accusantium odio eum. Laborum et sint quasi similique neque consequatur qui.', 113, 4, 2, '2020-05-09 02:00:48', '2020-05-09 02:00:48'),
(36, 'aut', 'Eum adipisci quis deserunt consequatur tenetur. Beatae accusantium non non qui aut. Ad dolorem sit omnis.', 741, 4, 14, '2020-05-09 02:00:48', '2020-05-09 02:00:48'),
(37, 'eaque', 'Modi rem et dolorem vel unde tempora. Veniam saepe aspernatur aliquam distinctio velit.', 234, 5, 21, '2020-05-09 02:00:48', '2020-05-09 02:00:48'),
(38, 'deserunt', 'In quia quo explicabo impedit. Velit odit occaecati eos et sequi qui debitis.', 140, 3, 8, '2020-05-09 02:00:48', '2020-05-09 02:00:48'),
(39, 'aliquam', 'Ipsa voluptatem molestias accusantium. Ut dolorem et voluptas qui nostrum aut vero.', 828, 3, 3, '2020-05-09 02:00:48', '2020-05-09 02:00:48'),
(40, 'sit', 'Nemo vitae nam dolores ut nemo atque. Placeat sed magnam rerum non. Velit sed ad nisi ea nulla repudiandae. Pariatur est aspernatur earum sapiente nihil eos. Commodi a facilis expedita deserunt et.', 874, 7, 14, '2020-05-09 02:00:48', '2020-05-09 02:00:48'),
(41, 'ut', 'Veritatis et consequatur quasi ratione tempore quos. Et ut velit labore nihil modi. Et et dolores est laborum sit quo aliquam et.', 220, 4, 4, '2020-05-09 02:00:48', '2020-05-09 02:00:48'),
(42, 'dolores', 'Optio adipisci officiis quibusdam velit ut id repellat error. Aut aliquid sunt dolores. Eveniet alias et nesciunt voluptas accusamus hic aliquam. Sint in dolorem numquam incidunt.', 642, 0, 4, '2020-05-09 02:00:48', '2020-05-09 02:00:48'),
(43, 'ipsa', 'Deleniti sequi sunt exercitationem sed sed sint ut. Aut nisi quia quae quia et ut tenetur maxime. Et dolorem qui cum molestias.', 947, 6, 7, '2020-05-09 02:00:48', '2020-05-09 02:00:48'),
(44, 'numquam', 'Voluptas sed et quia vel. Beatae labore quae ut voluptates vero reiciendis. Et dolorum praesentium autem quas doloribus ipsa facere.', 147, 9, 5, '2020-05-09 02:00:48', '2020-05-09 02:00:48'),
(45, 'nihil', 'Eum voluptatem beatae consequuntur et quas. Iusto nemo quae eos corporis. Minus reiciendis unde et exercitationem dolores.', 350, 2, 9, '2020-05-09 02:00:48', '2020-05-09 02:00:48'),
(46, 'libero', 'Atque iste aut illum quia laborum earum debitis. Explicabo aspernatur ut labore eum consectetur debitis. Voluptatibus libero excepturi in nam. Provident et odit fuga nisi.', 316, 3, 7, '2020-05-09 02:00:48', '2020-05-09 02:00:48'),
(47, 'id', 'Omnis autem veritatis sunt nostrum et molestiae et sed. Quia qui aut ab. Et molestias nostrum deleniti debitis consequatur esse.', 667, 9, 18, '2020-05-09 02:00:48', '2020-05-09 02:00:48'),
(48, 'magni', 'Tenetur consequatur minima nisi non ab. Quod alias quo quam occaecati tenetur exercitationem. Quos cum tenetur magni et. Aut odio impedit hic eum.', 369, 6, 20, '2020-05-09 02:00:48', '2020-05-09 02:00:48'),
(49, 'odio', 'Molestiae maxime a architecto nisi. Minima ipsum mollitia fugit et dolore in. Eum reiciendis harum sint et eum ea. Ex officia et modi a voluptatem mollitia.', 626, 3, 28, '2020-05-09 02:00:48', '2020-05-09 02:00:48'),
(50, 'autem', 'Ut amet eum ab vitae. Rem cum in hic laudantium eius reiciendis incidunt. Id laborum explicabo neque id magnam recusandae magni. Sunt dolor iste praesentium soluta ut dolorum enim iusto.', 353, 6, 11, '2020-05-09 02:00:48', '2020-05-09 02:00:48'),
(51, 'sapiente', 'Vero quae repellendus laborum mollitia ea et et illo. Iure corporis fugit sint laborum. Placeat qui laboriosam optio consequatur eligendi. Enim non possimus magni.', 617, 4, 25, '2020-05-09 02:12:45', '2020-05-09 02:12:45'),
(52, 'consectetur', 'Ut tempore molestiae itaque maiores. Qui a eveniet necessitatibus iste inventore. Illo quia beatae et aut explicabo excepturi. Voluptates sit omnis incidunt modi magni et.', 116, 9, 25, '2020-05-09 02:12:45', '2020-05-09 02:12:45'),
(53, 'iure', 'Laboriosam ut facere fuga et quis. Saepe magnam doloribus et et nemo beatae. In ullam quaerat maiores velit qui. Placeat esse repellendus repellendus ea quidem eos.', 659, 1, 6, '2020-05-09 02:12:45', '2020-05-09 02:12:45'),
(54, 'sint', 'Qui quo et velit placeat voluptates. Qui molestias a non enim illo sapiente eos. Porro debitis voluptatem odio veniam.', 238, 2, 3, '2020-05-09 02:12:45', '2020-05-09 02:12:45'),
(55, 'amet', 'Unde et odio omnis architecto adipisci ea. Omnis quis adipisci ratione error. Qui nisi provident dolorem atque.', 344, 0, 20, '2020-05-09 02:12:45', '2020-05-09 02:12:45'),
(56, 'possimus', 'A fuga asperiores assumenda aut. Similique nulla minus nisi atque. Eius placeat dolorem minus non maxime. Aut suscipit qui rerum nostrum quia vero et.', 263, 3, 7, '2020-05-09 02:12:45', '2020-05-09 02:12:45'),
(57, 'vero', 'Qui quo totam repellat et voluptatibus. Sint ut rerum sunt nihil id molestiae qui repellendus. Aliquid iusto et ratione quisquam incidunt. Porro perferendis debitis eveniet id molestias ullam. Est pariatur temporibus ut.', 170, 1, 24, '2020-05-09 02:12:45', '2020-05-09 02:12:45'),
(58, 'consequatur', 'Qui ratione et fugiat qui. Et et molestiae dolore et fugiat. Ad id quasi magnam reprehenderit nihil et. Aut aspernatur possimus voluptatibus aut voluptatem sit. Laudantium et veniam similique ullam.', 978, 2, 12, '2020-05-09 02:12:45', '2020-05-09 02:12:45'),
(59, 'neque', 'Et officia incidunt id omnis expedita voluptates aspernatur aliquid. Et sint minus corrupti officia ut. Eius voluptates dolores optio molestias eum qui. Eum consequatur voluptas eius nam dolore ut sunt.', 982, 1, 29, '2020-05-09 02:12:45', '2020-05-09 02:12:45'),
(60, 'quis', 'Eveniet voluptatem voluptate velit sunt distinctio. Rerum iste culpa explicabo officiis eum suscipit rerum. Fugiat reiciendis laboriosam fugit autem. Tenetur vitae qui pariatur dolore quas exercitationem corporis.', 184, 8, 9, '2020-05-09 02:12:45', '2020-05-09 02:12:45'),
(61, 'inventore', 'Minus ratione tempora cumque debitis qui rerum. Molestiae totam nobis aut occaecati reiciendis. Aperiam et quia ut quam.', 561, 8, 3, '2020-05-09 02:12:45', '2020-05-09 02:12:45'),
(62, 'error', 'Enim mollitia veniam sunt et ex provident. Esse ab aperiam quibusdam velit omnis distinctio. Sit et consequatur cumque reiciendis iure. Aliquid beatae nostrum perspiciatis sunt occaecati magni quisquam optio.', 672, 2, 14, '2020-05-09 02:12:45', '2020-05-09 02:12:45'),
(63, 'et', 'Quia beatae fuga itaque expedita. Autem quia qui laboriosam laborum doloribus. Quasi aperiam consequuntur est harum ipsa vel iusto.', 457, 1, 19, '2020-05-09 02:12:45', '2020-05-09 02:12:45'),
(64, 'ut', 'Modi voluptate explicabo quisquam. Qui ullam illo sapiente sed nisi. Culpa reprehenderit id doloremque qui.', 583, 7, 27, '2020-05-09 02:12:45', '2020-05-09 02:12:45'),
(65, 'ad', 'Corporis autem vero vel vel eum quasi iste. Doloribus asperiores voluptatem aut consequatur porro ut. Rerum accusamus veniam in neque quis laborum. Vitae dolores aut minima distinctio.', 156, 3, 26, '2020-05-09 02:12:45', '2020-05-09 02:12:45'),
(66, 'et', 'Quia et et qui autem nostrum ad culpa dolorem. Eligendi id aliquid nulla ipsa deserunt voluptas. Ipsam eum possimus sit. Nostrum quo commodi deleniti odio quidem quae id.', 712, 1, 6, '2020-05-09 02:12:45', '2020-05-09 02:12:45'),
(67, 'accusamus', 'Culpa et ad saepe aut deleniti. Ipsa possimus modi voluptatem facilis quos voluptatem. Aut temporibus sed ut tempore minus fuga.', 523, 7, 20, '2020-05-09 02:12:45', '2020-05-09 02:12:45'),
(68, 'debitis', 'Iste possimus earum ut expedita atque velit maxime tempore. Exercitationem quod in est ipsa qui. Nesciunt autem sequi tempore quia voluptatem.', 470, 2, 7, '2020-05-09 02:12:45', '2020-05-09 02:12:45'),
(69, 'quas', 'Voluptas in natus enim error enim delectus et. Iste occaecati animi totam quia quidem officiis.', 137, 2, 21, '2020-05-09 02:12:45', '2020-05-09 02:12:45'),
(70, 'rem', 'Ut nobis eos ut saepe sapiente illo. Et neque quasi et velit rerum repudiandae aut ex.', 348, 0, 23, '2020-05-09 02:12:45', '2020-05-09 02:12:45'),
(71, 'inventore', 'Qui necessitatibus voluptas recusandae eum aut. Recusandae non dolor quo quaerat maiores explicabo. Nihil praesentium fuga consequuntur modi quidem quo.', 246, 5, 18, '2020-05-09 02:12:45', '2020-05-09 02:12:45'),
(72, 'eos', 'Sequi consectetur dolore ipsum maxime facere corrupti sit. Ratione ratione voluptas rerum molestiae beatae ab consequatur. Quasi rerum voluptas amet corrupti. Minus voluptas rem vero consequatur qui consequatur harum.', 116, 4, 10, '2020-05-09 02:12:45', '2020-05-09 02:12:45'),
(73, 'animi', 'Iure eligendi iste ut sint non eum eos. Nihil eum in quo et reprehenderit ullam dignissimos. Molestias magni laudantium et perspiciatis laudantium quis dignissimos. Rerum adipisci earum minus sunt.', 560, 4, 2, '2020-05-09 02:12:45', '2020-05-09 02:12:45'),
(74, 'atque', 'Aliquid est unde sint suscipit omnis accusantium. Beatae corrupti recusandae excepturi ullam non blanditiis. Vel quae id dolorem vel. Placeat fugit debitis quia inventore.', 573, 3, 16, '2020-05-09 02:12:45', '2020-05-09 02:12:45'),
(75, 'corporis', 'Ad quos dicta doloribus illo aut. Repudiandae qui nihil officiis vitae odio nisi. Quam reprehenderit qui omnis est veritatis non occaecati.', 513, 8, 15, '2020-05-09 02:12:45', '2020-05-09 02:12:45'),
(76, 'dolor', 'Consequatur quam beatae possimus doloremque ex sit. Voluptatem maxime aut autem quos voluptatum. Placeat aliquam eius sit iste perferendis.', 725, 3, 24, '2020-05-09 02:12:45', '2020-05-09 02:12:45'),
(77, 'itaque', 'Minus impedit expedita molestiae rerum qui. Deserunt molestiae provident est nemo quia cum doloribus. Ipsam id sed debitis laudantium maxime modi.', 588, 2, 2, '2020-05-09 02:12:45', '2020-05-09 02:12:45'),
(78, 'nihil', 'Consequatur omnis quos ut. Praesentium dicta sunt nesciunt. Quia quod nihil voluptatibus sed consequatur.', 848, 1, 24, '2020-05-09 02:12:45', '2020-05-09 02:12:45'),
(79, 'est', 'Impedit pariatur similique corporis ad error in. Minima odit consequatur minus voluptas. Et dolorum ullam facere debitis sed nobis corrupti.', 672, 9, 14, '2020-05-09 02:12:45', '2020-05-09 02:12:45'),
(80, 'sunt', 'Et reprehenderit error ducimus ab fugit. Dolores temporibus dolorem neque nam. Ut sit quaerat rerum enim porro rem et et. Consequuntur et sunt quia magni eum officia vel. Impedit ullam excepturi corrupti ut architecto.', 128, 4, 4, '2020-05-09 02:12:45', '2020-05-09 02:12:45'),
(81, 'ex', 'Laborum quibusdam iste id possimus. Magni unde consequuntur cupiditate sit necessitatibus reiciendis vel. Pariatur voluptates ut id similique cupiditate velit amet qui. Ut eligendi qui eos ipsa iure eveniet eaque.', 302, 5, 9, '2020-05-09 02:12:45', '2020-05-09 02:12:45'),
(82, 'nulla', 'Incidunt non molestiae accusamus. Iusto itaque veritatis quas velit soluta pariatur. Ea labore qui laudantium tenetur.', 485, 0, 5, '2020-05-09 02:12:45', '2020-05-09 02:12:45'),
(83, 'accusantium', 'A itaque quo tempore ipsa nihil neque quia. Sunt voluptatem sed deserunt sequi placeat temporibus. Soluta quis est est aut doloribus itaque. Dolore iure asperiores possimus occaecati. Atque eum cupiditate aliquid non placeat qui optio.', 845, 3, 14, '2020-05-09 02:12:45', '2020-05-09 02:12:45'),
(84, 'eius', 'Quidem eos at sint rerum dicta aut. Non necessitatibus deserunt amet iste. Quasi quia velit consequuntur quod est.', 415, 6, 13, '2020-05-09 02:12:45', '2020-05-09 02:12:45'),
(85, 'quia', 'Excepturi cumque incidunt aut explicabo in nesciunt fugit. Tenetur dolorem voluptate inventore et sequi animi. Quaerat ut quidem ea vel delectus veniam facilis.', 996, 2, 12, '2020-05-09 02:12:45', '2020-05-09 02:12:45'),
(86, 'saepe', 'Dolore natus est dolor itaque dolore. Omnis perspiciatis reiciendis inventore incidunt. Tempora ut repudiandae placeat quos. Ab mollitia eos voluptatum voluptas ipsum est placeat.', 299, 3, 16, '2020-05-09 02:12:45', '2020-05-09 02:12:45'),
(87, 'minima', 'Sint quo et totam. Iste officia consequatur animi minima. Doloribus perspiciatis ut aspernatur in dignissimos eum modi.', 677, 3, 29, '2020-05-09 02:12:45', '2020-05-09 02:12:45'),
(88, 'libero', 'Nostrum molestias sint nemo sit vero quidem corporis. Quidem ab voluptatem accusamus nobis dolore quia. Exercitationem id odit enim aut maiores suscipit deserunt praesentium.', 484, 9, 28, '2020-05-09 02:12:45', '2020-05-09 02:12:45'),
(89, 'voluptatibus', 'Doloremque iste consequatur ut non eum aut ut. Soluta modi a tempore recusandae incidunt ut inventore aut. Est totam sed rerum temporibus totam.', 358, 9, 20, '2020-05-09 02:12:45', '2020-05-09 02:12:45'),
(90, 'blanditiis', 'Ea expedita perspiciatis atque et autem voluptas et. Sit quidem eligendi odio reiciendis porro. Voluptas magni impedit tempora iure. Qui perspiciatis error vero id doloribus.', 322, 6, 25, '2020-05-09 02:12:45', '2020-05-09 02:12:45'),
(91, 'natus', 'Ea quae temporibus sed. Tempore ullam autem aspernatur deleniti et distinctio et. Nemo laudantium ut similique iusto quia nulla rem. Voluptates rerum consequatur nostrum non.', 529, 1, 30, '2020-05-09 02:12:45', '2020-05-09 02:12:45'),
(92, 'qui', 'Debitis esse occaecati est ab enim. Reiciendis quia dolorem et impedit consequuntur suscipit ut.', 215, 8, 5, '2020-05-09 02:12:45', '2020-05-09 02:12:45'),
(93, 'asperiores', 'Et sint dignissimos ut. Aut voluptas quos eum. Sapiente commodi dolor et id molestiae voluptates. Accusantium sapiente ipsum sint omnis aspernatur optio eos.', 179, 2, 8, '2020-05-09 02:12:45', '2020-05-09 02:12:45'),
(94, 'et', 'Iure possimus nihil consequatur voluptates quia id eius. Et autem eum similique. Voluptatem quisquam illo ducimus vitae tenetur nostrum id. Architecto modi qui qui ut dignissimos officiis doloremque sit.', 812, 2, 15, '2020-05-09 02:12:45', '2020-05-09 02:12:45'),
(95, 'omnis', 'Itaque commodi ducimus in eos quia amet minima cupiditate. Eum unde et unde corporis reprehenderit ab est et. Nostrum accusamus ullam atque possimus aut quas vel nostrum. Eum perferendis aut similique et soluta.', 984, 2, 2, '2020-05-09 02:12:45', '2020-05-09 02:12:45'),
(96, 'quae', 'Temporibus repellat sed excepturi perferendis sapiente. Cupiditate iusto ut provident enim libero.', 525, 4, 4, '2020-05-09 02:12:45', '2020-05-09 02:12:45'),
(97, 'neque', 'Et labore qui maiores et et est facere id. Cupiditate voluptatem molestiae suscipit suscipit nihil cupiditate hic quia. Asperiores similique tempora qui enim autem beatae saepe.', 207, 4, 17, '2020-05-09 02:12:45', '2020-05-09 02:12:45'),
(98, 'sed', 'Unde laborum quaerat voluptatibus dolor. Non perferendis molestiae molestias nostrum debitis aut. Sit tenetur sit iure qui eaque dolores. Tempora magnam eaque recusandae velit.', 672, 0, 13, '2020-05-09 02:12:45', '2020-05-09 02:12:45'),
(99, 'tenetur', 'Animi provident minima dolore aliquam eos possimus omnis tenetur. Illum aperiam vitae voluptates debitis eligendi sed. Qui adipisci numquam maxime sed tenetur.', 715, 8, 21, '2020-05-09 02:12:45', '2020-05-09 02:12:45'),
(100, 'aut', 'Commodi dicta et et velit rerum. Mollitia cumque nisi consequatur ullam officiis officia animi rerum. Voluptas tempore vero non neque dicta aut. Veniam molestiae eum necessitatibus ratione itaque laboriosam.', 581, 3, 29, '2020-05-09 02:12:45', '2020-05-09 02:12:45'),
(101, 'dolorem', 'Quasi et minima ut et. Molestiae tempora labore omnis sunt nostrum. Eos neque neque quas ipsam dolores. Expedita inventore voluptatem non consequuntur dignissimos et quis.', 625, 5, 25, '2020-05-09 03:51:54', '2020-05-09 03:51:54'),
(102, 'fuga', 'Vel non perspiciatis qui eaque rem sunt quia minus. Omnis officiis temporibus illum et facere dolorem quo. Tempora expedita aut possimus id quos id sed. Quo est ea voluptas praesentium omnis.', 196, 9, 14, '2020-05-09 03:51:54', '2020-05-09 03:51:54'),
(103, 'sed', 'Earum et eum animi. Error iusto ipsam labore omnis. Sit et autem nostrum eos quas aut. Enim libero at praesentium ut.', 711, 5, 20, '2020-05-09 03:51:54', '2020-05-09 03:51:54'),
(104, 'nemo', 'Similique consectetur est sequi. Quia autem aut quibusdam tempora quia ipsum. Vero omnis deleniti facere delectus sapiente repellendus cupiditate.', 457, 6, 12, '2020-05-09 03:51:54', '2020-05-09 03:51:54'),
(105, 'repudiandae', 'Cum nesciunt cum quis ex. Quos laborum nulla nesciunt voluptatem. Facilis consequatur ipsum incidunt illo. Eius exercitationem laboriosam tenetur placeat aut tempora similique animi.', 109, 5, 12, '2020-05-09 03:51:54', '2020-05-09 03:51:54'),
(106, 'eligendi', 'Nihil dolorem perferendis natus aut. Aliquid error laudantium voluptas enim doloremque. Architecto omnis et possimus aut. Voluptas nulla numquam ut voluptates sunt placeat quasi veniam.', 913, 3, 14, '2020-05-09 03:51:54', '2020-05-09 03:51:54'),
(107, 'odit', 'Voluptas modi quia odio rerum veniam quibusdam aut. Eligendi sint a animi reprehenderit.', 726, 9, 14, '2020-05-09 03:51:54', '2020-05-09 03:51:54'),
(108, 'ullam', 'Cumque numquam quis reiciendis. Maxime numquam est quae repudiandae. Ea autem fugit quod et molestiae omnis magnam. Animi dolores consequatur qui.', 469, 5, 12, '2020-05-09 03:51:54', '2020-05-09 03:51:54'),
(109, 'dolores', 'Vel amet architecto rem facilis. Eligendi illum ex alias cum iste tempora.', 223, 8, 23, '2020-05-09 03:51:54', '2020-05-09 03:51:54'),
(110, 'quibusdam', 'Perspiciatis ducimus quaerat culpa voluptate deleniti. Corrupti omnis doloribus qui vero nihil.', 226, 7, 7, '2020-05-09 03:51:54', '2020-05-09 03:51:54'),
(111, 'repellendus', 'Quasi ut optio tenetur consequuntur omnis similique id. Hic impedit quas libero. Saepe consequuntur aperiam provident ducimus fugit dolores cupiditate. Dolorum consectetur non velit sit.', 139, 9, 9, '2020-05-09 03:51:54', '2020-05-09 03:51:54'),
(112, 'mollitia', 'Atque illum excepturi provident necessitatibus. Qui sed sapiente id aut rerum.', 789, 3, 8, '2020-05-09 03:51:54', '2020-05-09 03:51:54'),
(113, 'rerum', 'Non perspiciatis nemo nemo aut optio pariatur. Quaerat sequi natus cupiditate inventore. Omnis impedit sit et assumenda aut. Dolor officia autem nesciunt sit pariatur est nesciunt qui.', 982, 1, 13, '2020-05-09 03:51:54', '2020-05-09 03:51:54'),
(114, 'non', 'Et fuga ut necessitatibus dolores veritatis. Voluptatibus voluptatem libero molestiae porro rerum. Sunt voluptatem deserunt laborum quaerat error et provident. Quas qui deleniti itaque distinctio itaque eos nesciunt.', 340, 0, 17, '2020-05-09 03:51:54', '2020-05-09 03:51:54'),
(115, 'sint', 'Explicabo officia velit optio dicta praesentium expedita vel. Laborum ducimus totam omnis. Ipsam saepe omnis quaerat non architecto. Placeat suscipit reiciendis sint vel ratione quaerat.', 727, 0, 15, '2020-05-09 03:51:54', '2020-05-09 03:51:54'),
(116, 'qui', 'Amet in quis sit labore. Beatae deleniti et inventore in. Doloribus quaerat perspiciatis alias dicta. Et deserunt molestias molestiae nihil voluptatibus sint exercitationem. Est asperiores libero sit facilis.', 253, 2, 5, '2020-05-09 03:51:54', '2020-05-09 03:51:54'),
(117, 'vel', 'Eveniet et voluptas nemo corporis odio. Ut aut animi velit nesciunt voluptatum. Possimus similique eos voluptatem facilis aut dolor.', 649, 5, 20, '2020-05-09 03:51:54', '2020-05-09 03:51:54'),
(118, 'ratione', 'Aliquam et modi non dolores facilis sunt. Deleniti facilis accusantium alias. Sunt et commodi est vel. Tenetur quia aliquam alias earum.', 690, 2, 18, '2020-05-09 03:51:54', '2020-05-09 03:51:54'),
(119, 'ipsa', 'Sequi omnis sequi doloremque officia ut qui. Non quia tenetur ut ex error. Nihil rerum qui laborum consequuntur. Nam ipsum necessitatibus suscipit unde.', 361, 4, 3, '2020-05-09 03:51:54', '2020-05-09 03:51:54'),
(120, 'assumenda', 'Quam in id voluptas quo eos totam. Ex adipisci vitae eligendi quos. Consequuntur et nihil ut quidem.', 920, 5, 11, '2020-05-09 03:51:54', '2020-05-09 03:51:54'),
(121, 'laboriosam', 'Molestiae sed aspernatur tempore omnis aut. Dolor et quisquam blanditiis et. Non reprehenderit a quia. Autem dolores itaque ratione debitis odit numquam.', 848, 8, 6, '2020-05-09 03:51:54', '2020-05-09 03:51:54'),
(122, 'pariatur', 'Dicta deleniti dolor voluptatem consequatur ipsam sequi fugiat. Nihil sit architecto provident ut explicabo quidem. Quia sapiente eum voluptatum voluptatibus aut rerum ut.', 182, 4, 25, '2020-05-09 03:51:55', '2020-05-09 03:51:55'),
(123, 'asperiores', 'Deserunt quia sit et incidunt reiciendis. Sed voluptatibus assumenda voluptas. Vero sit quibusdam ea cupiditate. Adipisci quo facere ipsam eos est earum.', 571, 0, 18, '2020-05-09 03:51:55', '2020-05-09 03:51:55'),
(124, 'quaerat', 'Nostrum rerum rerum quibusdam vero eos. Exercitationem ut animi error totam quasi suscipit accusantium. Nesciunt eum repudiandae quia dignissimos.', 883, 6, 6, '2020-05-09 03:51:55', '2020-05-09 03:51:55'),
(125, 'ad', 'Repudiandae maxime voluptatem libero placeat et sed quam. Atque autem voluptas reiciendis alias. Unde et magnam rerum dolor placeat. Quo optio qui fugit sint quasi.', 562, 9, 16, '2020-05-09 03:51:55', '2020-05-09 03:51:55'),
(126, 'consequuntur', 'Enim dolor eum velit. Pariatur dolore dolor ut placeat occaecati est nulla. Dignissimos exercitationem fugit recusandae vitae cumque officiis. Provident qui nihil molestias rerum similique vel fuga minima.', 928, 7, 24, '2020-05-09 03:51:55', '2020-05-09 03:51:55'),
(127, 'ipsa', 'Qui est enim ipsum qui voluptatem repudiandae. Aliquid dolore et ea rem tempora est perferendis ut. Qui voluptatibus asperiores odit numquam ipsum voluptates. Enim cupiditate rerum est reprehenderit est odio provident.', 248, 0, 20, '2020-05-09 03:51:55', '2020-05-09 03:51:55'),
(128, 'consectetur', 'Et dolorum dolorem aperiam nemo magni. Ipsa rerum rerum assumenda non voluptatibus dolorum vel.', 841, 7, 26, '2020-05-09 03:51:55', '2020-05-09 03:51:55'),
(129, 'facere', 'Libero eveniet molestiae et ab. Non ut aut quia eum impedit quos quia. Eveniet necessitatibus blanditiis ea nihil aut in.', 703, 7, 26, '2020-05-09 03:51:55', '2020-05-09 03:51:55'),
(130, 'doloremque', 'In nemo corporis quas perspiciatis. Sit ullam qui est minima omnis. A velit molestiae iste dolores. Accusamus sint blanditiis corrupti nesciunt consequatur.', 620, 3, 15, '2020-05-09 03:51:55', '2020-05-09 03:51:55'),
(131, 'aspernatur', 'Quidem accusamus unde vel tempora. Rem soluta odio voluptatibus assumenda adipisci. Sunt necessitatibus impedit voluptatibus.', 244, 3, 22, '2020-05-09 03:51:55', '2020-05-09 03:51:55'),
(132, 'cumque', 'Recusandae et maxime asperiores voluptatum nam consectetur. A possimus voluptas aut ex. Velit ut sed soluta quia.', 880, 2, 6, '2020-05-09 03:51:55', '2020-05-09 03:51:55'),
(133, 'voluptatum', 'Nulla sapiente possimus officia et et. Omnis dolor molestiae quas aut. Voluptate possimus aperiam exercitationem dolorum sunt.', 440, 0, 5, '2020-05-09 03:51:55', '2020-05-09 03:51:55'),
(134, 'necessitatibus', 'Nobis ea sit laboriosam sit architecto amet. Eaque veniam pariatur eaque placeat. Porro ullam occaecati odio at. Quis cum neque modi ratione sed.', 849, 5, 3, '2020-05-09 03:51:55', '2020-05-09 03:51:55'),
(135, 'dicta', 'Blanditiis est et voluptatum libero enim illum. Aut quae iste corrupti id. Velit ut qui laboriosam hic non. Quas rerum ullam dolores ut.', 992, 4, 19, '2020-05-09 03:51:55', '2020-05-09 03:51:55'),
(136, 'dignissimos', 'Qui perspiciatis aut quod nesciunt. Reprehenderit adipisci omnis magnam dolorum optio dicta occaecati. Aut voluptas dignissimos quasi consectetur praesentium iure vitae neque. Qui quas illo officiis voluptatem fuga blanditiis dolorum. Minus molestiae modi laboriosam est velit laudantium ullam.', 812, 0, 26, '2020-05-09 03:51:55', '2020-05-09 03:51:55'),
(137, 'qui', 'Qui ex saepe omnis at. Dolor at consequuntur deserunt. Totam vel velit quibusdam.', 882, 2, 22, '2020-05-09 03:51:55', '2020-05-09 03:51:55'),
(138, 'asperiores', 'Nihil animi qui totam error. Doloremque ab voluptatem doloribus eius voluptate sed et necessitatibus. Eum voluptatem rerum eaque quisquam facilis voluptas. Molestiae eum sapiente laborum.', 691, 0, 29, '2020-05-09 03:51:55', '2020-05-09 03:51:55'),
(139, 'est', 'Dolorum similique doloribus qui nesciunt. Officia qui ad explicabo eligendi fugit. Sunt quos explicabo ratione nihil labore. Aut cupiditate et dolor consequatur est aut a in.', 784, 2, 17, '2020-05-09 03:51:55', '2020-05-09 03:51:55'),
(140, 'quibusdam', 'Quis harum deserunt sit aperiam. Excepturi ex explicabo et ex atque laudantium velit qui. Nihil placeat reiciendis est placeat sunt et. Numquam ipsum ab dolorem voluptate maiores quibusdam non. Enim fuga id voluptatem dicta explicabo.', 522, 8, 18, '2020-05-09 03:51:55', '2020-05-09 03:51:55'),
(141, 'asperiores', 'Non consequatur et voluptatum quisquam eius totam. Qui autem ipsa omnis labore nemo sit. Aut consequatur aliquam molestiae iste enim. Commodi voluptas praesentium quidem iusto doloremque reiciendis nostrum.', 917, 1, 9, '2020-05-09 03:51:55', '2020-05-09 03:51:55'),
(142, 'omnis', 'Rerum consequatur aspernatur aperiam ut dolor. Illo qui aut fugit et fugiat non occaecati autem. Ea mollitia amet ducimus quis ea.', 370, 3, 12, '2020-05-09 03:51:55', '2020-05-09 03:51:55'),
(143, 'id', 'Quia molestiae voluptatibus consequatur veritatis. Et voluptatem et minus delectus mollitia. Tempore perspiciatis non ratione minima quia consequatur.', 248, 3, 7, '2020-05-09 03:51:55', '2020-05-09 03:51:55'),
(144, 'ut', 'Quae ut in molestias explicabo accusantium consequuntur. Sed non illum velit voluptatibus. Ut quo dignissimos dolor et minima odio.', 166, 4, 8, '2020-05-09 03:51:55', '2020-05-09 03:51:55'),
(145, 'est', 'Neque at laudantium qui fuga expedita sint. Sit dignissimos blanditiis ut quos. Consequatur aperiam qui est molestias eum autem eum. Molestiae mollitia et temporibus voluptatum dicta et et.', 872, 6, 17, '2020-05-09 03:51:55', '2020-05-09 03:51:55'),
(146, 'alias', 'Inventore perspiciatis dolores ab et nam. Blanditiis vero labore et sit voluptates unde possimus recusandae. Non doloribus autem vero et. Molestiae voluptatum recusandae corporis.', 414, 3, 15, '2020-05-09 03:51:55', '2020-05-09 03:51:55'),
(147, 'dolorem', 'Consectetur nobis omnis id rerum maiores voluptatem quia. Nisi voluptas hic nemo corrupti. Nam voluptates eligendi soluta nam eum unde nobis. Rerum pariatur blanditiis et voluptas inventore dolor.', 468, 7, 13, '2020-05-09 03:51:55', '2020-05-09 03:51:55'),
(148, 'quis', 'Amet dignissimos qui officia in eum doloribus. Recusandae ratione qui qui sed. Iure dolor error suscipit fugiat. Voluptatum sit dolores dolorem ut quam.', 843, 9, 23, '2020-05-09 03:51:55', '2020-05-09 03:51:55'),
(149, 'quidem', 'Atque error similique voluptatem distinctio iusto laudantium vero fuga. Culpa illum et fuga aliquam itaque nostrum ipsa expedita. Maxime sed enim ipsam tenetur. Eos dolorum animi repellat fugit sunt ipsum officiis praesentium.', 858, 8, 8, '2020-05-09 03:51:55', '2020-05-09 03:51:55'),
(150, 'blanditiis', 'Totam alias error et voluptas eos in ea. Atque laudantium aut illum iure deserunt dolorem facilis. Aut harum dignissimos eveniet dicta dolorem quia placeat inventore. Laboriosam quia ut et voluptatem.', 847, 9, 13, '2020-05-09 03:51:55', '2020-05-09 03:51:55'),
(151, 'et', 'Aut voluptates voluptatem voluptatem corporis distinctio nesciunt rerum. Ut corporis non culpa nesciunt qui voluptates. Nulla dolorem sint natus consequatur quidem odio.', 917, 2, 18, '2020-05-09 03:52:50', '2020-05-09 03:52:50'),
(152, 'amet', 'Ratione quos debitis reiciendis voluptatem. Et eum architecto et quam excepturi. Dolorem rerum debitis non ipsam tempore vel qui aut.', 416, 8, 4, '2020-05-09 03:52:50', '2020-05-09 03:52:50'),
(153, 'repudiandae', 'Nihil rerum voluptatem quos doloremque sit ut. Perferendis facere voluptatem aut nobis sunt praesentium. Modi est qui provident quo tempore sed ipsum. Aliquid sed quo est qui velit consectetur. Aut quod rerum nam exercitationem sed corrupti.', 945, 9, 30, '2020-05-09 03:52:50', '2020-05-09 03:52:50'),
(154, 'id', 'Vitae necessitatibus sit consectetur enim. Consectetur autem quae dolor quod adipisci.', 825, 0, 12, '2020-05-09 03:52:50', '2020-05-09 03:52:50'),
(155, 'voluptatem', 'Voluptatem deserunt temporibus dolorum adipisci. Iure animi mollitia harum fuga in molestiae ut ab. Modi ipsa quos mollitia molestiae. Qui iure laboriosam pariatur voluptas officiis et.', 909, 1, 29, '2020-05-09 03:52:50', '2020-05-09 03:52:50'),
(156, 'id', 'Eum quisquam quis reiciendis neque iusto. Expedita consequatur magnam voluptates. Expedita odio fuga dolorum officia quia pariatur reiciendis sint. Id ratione eum libero ea et vitae placeat. Quidem explicabo aperiam voluptatem.', 598, 0, 7, '2020-05-09 03:52:50', '2020-05-09 03:52:50'),
(157, 'delectus', 'Quibusdam tenetur deserunt laudantium vel atque nesciunt. Numquam harum in sit magnam voluptas quam omnis eius. Eligendi reiciendis consequatur et non sit sit. Similique voluptatem non necessitatibus sunt debitis mollitia vitae.', 913, 7, 28, '2020-05-09 03:52:50', '2020-05-09 03:52:50'),
(158, 'aperiam', 'Id autem beatae accusantium. Porro eveniet minus temporibus nesciunt illo amet accusantium. Voluptatem deleniti eos qui tempora consectetur. Tenetur recusandae facere perferendis ut atque. Asperiores rerum aspernatur unde ducimus omnis.', 998, 4, 30, '2020-05-09 03:52:50', '2020-05-09 03:52:50'),
(159, 'delectus', 'Eligendi quia consequatur maxime. Quia quisquam explicabo magni quaerat illum. Laudantium sapiente corporis facere delectus vel aut magnam ex.', 726, 5, 17, '2020-05-09 03:52:50', '2020-05-09 03:52:50'),
(160, 'necessitatibus', 'Aperiam nulla qui id rerum. Fuga harum neque magnam doloremque. Fugit vel quasi quod consequatur. Magnam laudantium ratione dignissimos rem tempore.', 344, 4, 11, '2020-05-09 03:52:50', '2020-05-09 03:52:50'),
(161, 'quia', 'Accusantium ex quod iure. Harum necessitatibus deserunt ea accusantium ad eum. Magnam ipsum consequuntur facere atque voluptatum maiores reprehenderit.', 138, 8, 28, '2020-05-09 03:52:50', '2020-05-09 03:52:50'),
(162, 'sit', 'Natus eos consequatur quas et aut temporibus nihil. Nostrum in ut inventore aut hic aut. Animi consequatur quibusdam sint voluptas temporibus fugiat voluptates voluptatum. Rem alias sed doloremque sit.', 271, 1, 17, '2020-05-09 03:52:50', '2020-05-09 03:52:50'),
(163, 'voluptate', 'Rerum quisquam quasi aut omnis sunt necessitatibus. Nemo rerum voluptas similique numquam nesciunt fugit nam. Repellat deserunt possimus quae velit quia officiis. Laudantium similique corporis omnis.', 249, 9, 7, '2020-05-09 03:52:50', '2020-05-09 03:52:50'),
(164, 'praesentium', 'Quia nemo molestiae in minima voluptatem. Assumenda quia facilis iure explicabo aut qui saepe. Commodi nemo eum id.', 880, 5, 6, '2020-05-09 03:52:50', '2020-05-09 03:52:50'),
(165, 'magnam', 'Eaque quasi id tenetur facilis totam tenetur perspiciatis. Ut deserunt omnis iste molestiae doloribus quis. Ducimus quia ratione aut sed recusandae cum.', 420, 5, 13, '2020-05-09 03:52:50', '2020-05-09 03:52:50'),
(166, 'inventore', 'Aliquid velit natus veniam dolor non aut reprehenderit. Est facilis est sit quidem et. Quidem dolore ut neque dolores ad animi.', 925, 9, 30, '2020-05-09 03:52:50', '2020-05-09 03:52:50'),
(167, 'laborum', 'Magni occaecati praesentium perspiciatis soluta in velit fugiat. Rerum aliquam dolore velit sed doloremque quas incidunt. Nostrum rem ipsum in. Est consequatur aperiam similique unde pariatur voluptatem.', 469, 1, 12, '2020-05-09 03:52:50', '2020-05-09 03:52:50'),
(168, 'id', 'Numquam magni beatae unde sint. Magnam sed reiciendis expedita et molestiae provident quo placeat. Ea amet et aut praesentium blanditiis. Officiis in autem dolorum quod.', 495, 9, 8, '2020-05-09 03:52:50', '2020-05-09 03:52:50'),
(169, 'animi', 'Provident vel quam consequatur facere maiores corporis. Quia repellendus quas cupiditate totam qui sequi asperiores voluptas. Aspernatur exercitationem voluptas sequi aut. Commodi qui maiores cum veniam.', 783, 1, 28, '2020-05-09 03:52:50', '2020-05-09 03:52:50'),
(170, 'omnis', 'Eum dolorem quo earum eveniet consequatur. Maiores unde quia aut est. Iusto consequuntur consequuntur impedit reprehenderit tempora ut. Repellat quam alias incidunt sapiente qui atque.', 349, 2, 11, '2020-05-09 03:52:50', '2020-05-09 03:52:50'),
(171, 'ut', 'Voluptas vero consequatur autem odio. Incidunt fugiat dignissimos ducimus placeat amet commodi voluptatem iste. Perspiciatis et impedit tempora modi.', 892, 7, 29, '2020-05-09 03:52:50', '2020-05-09 03:52:50'),
(172, 'et', 'Aut ea magnam molestiae ut. Veniam fuga eaque dolorem consequuntur. Aut aut officiis sint libero voluptates.', 531, 2, 8, '2020-05-09 03:52:50', '2020-05-09 03:52:50'),
(173, 'quo', 'Qui debitis esse suscipit maiores sit. Dolorum enim et in non enim autem. Eius perspiciatis officiis quo mollitia aperiam odit molestiae.', 846, 8, 10, '2020-05-09 03:52:50', '2020-05-09 03:52:50'),
(174, 'asperiores', 'Et et aut porro provident tempora aut. Reprehenderit debitis nostrum nemo reiciendis aut. Quo rerum temporibus dignissimos.', 623, 4, 11, '2020-05-09 03:52:50', '2020-05-09 03:52:50'),
(175, 'cumque', 'Facilis incidunt qui et soluta similique alias nisi. Voluptatem est pariatur occaecati voluptas sed eaque ut velit. Laborum eaque natus dolorum exercitationem distinctio qui. Consequuntur consequatur ab excepturi esse expedita mollitia cumque. Sit ut autem voluptatem rerum non sunt.', 213, 2, 22, '2020-05-09 03:52:50', '2020-05-09 03:52:50'),
(176, 'sunt', 'Mollitia ut rerum aut iusto qui. Commodi non nostrum dolore aut cupiditate. Quo quas molestias distinctio expedita voluptatem ullam. Omnis dolor magni nihil reprehenderit et aut.', 915, 0, 7, '2020-05-09 03:52:50', '2020-05-09 03:52:50'),
(177, 'exercitationem', 'Qui numquam aut adipisci ut. Distinctio porro corporis quia assumenda. Provident temporibus dolore est iste earum veniam officia. Optio eos tempora eligendi molestiae corporis fugit temporibus vel.', 246, 0, 14, '2020-05-09 03:52:50', '2020-05-09 03:52:50'),
(178, 'optio', 'Itaque adipisci et placeat dicta. Deleniti aliquid laudantium in. Amet quaerat totam quia consequatur veritatis.', 706, 1, 24, '2020-05-09 03:52:50', '2020-05-09 03:52:50'),
(179, 'et', 'Quia sapiente optio ullam itaque nostrum et nam. Et enim provident delectus at ipsum eum non. Et rerum pariatur pariatur aliquid id.', 648, 9, 8, '2020-05-09 03:52:50', '2020-05-09 03:52:50'),
(180, 'consequatur', 'Magnam molestiae maiores quas enim. Voluptas quia ut dignissimos sit. Dolores quos magni eligendi odit laborum.', 464, 5, 6, '2020-05-09 03:52:50', '2020-05-09 03:52:50'),
(181, 'inventore', 'Fuga vitae quam quidem. Et velit molestiae perspiciatis ut fuga non rerum nam. Ea dignissimos possimus itaque dignissimos facilis.', 883, 3, 30, '2020-05-09 03:52:50', '2020-05-09 03:52:50'),
(182, 'eum', 'Rerum voluptates quibusdam eum nemo magnam quis itaque. Cum quisquam placeat neque sunt praesentium magnam. Voluptatem quo molestias inventore aut. Similique voluptatem nam sint ut et.', 999, 3, 8, '2020-05-09 03:52:50', '2020-05-09 03:52:50'),
(183, 'dolorum', 'Nihil odit saepe maxime et autem autem a fuga. Alias quod non omnis quidem inventore sequi. Dolores omnis autem ab nisi et.', 755, 4, 20, '2020-05-09 03:52:50', '2020-05-09 03:52:50'),
(184, 'molestias', 'Quia sint accusamus et et eos. Sunt ut fuga ea. Nihil voluptatem illo rem in. Vel ut ab est aliquam ea laudantium hic.', 250, 3, 20, '2020-05-09 03:52:50', '2020-05-09 03:52:50'),
(185, 'harum', 'Voluptates doloremque eum et. Nemo ad nulla alias nam harum. Quisquam voluptatem cupiditate qui eos ex eius. Praesentium pariatur laborum est laboriosam voluptatem quis et. Dignissimos sed ex nihil qui ipsum unde distinctio qui.', 318, 2, 14, '2020-05-09 03:52:50', '2020-05-09 03:52:50'),
(186, 'illum', 'Eveniet ipsum ea eaque quibusdam quisquam est. A nulla sed et quia ad autem magni. Quasi enim et dolorum iste recusandae non ducimus occaecati.', 660, 4, 15, '2020-05-09 03:52:50', '2020-05-09 03:52:50'),
(187, 'aliquam', 'A voluptatem sed nobis vel tempora. Sit est accusamus commodi et. Et earum rem earum expedita error ducimus.', 399, 0, 29, '2020-05-09 03:52:50', '2020-05-09 03:52:50'),
(188, 'alias', 'Et ex et accusantium quis minima. Nesciunt sit omnis molestiae ad. Sint beatae quia totam est. Quod culpa nostrum est ducimus quisquam pariatur quae. Expedita voluptas sed assumenda cumque quo labore.', 122, 5, 25, '2020-05-09 03:52:50', '2020-05-09 03:52:50'),
(189, 'aut', 'Iusto dicta est harum nesciunt. Cupiditate tempore quasi debitis quibusdam aliquid aut. Modi quasi officiis rerum in velit praesentium.', 918, 7, 2, '2020-05-09 03:52:50', '2020-05-09 03:52:50'),
(190, 'quo', 'Aliquid alias non totam et. Provident molestiae aut atque praesentium est rem quod sit. Illo mollitia quo laborum inventore et.', 234, 5, 22, '2020-05-09 03:52:50', '2020-05-09 03:52:50'),
(191, 'laboriosam', 'Est quia est vitae quasi inventore suscipit rerum. Est dolore eos necessitatibus sit et.', 287, 1, 30, '2020-05-09 03:52:50', '2020-05-09 03:52:50'),
(192, 'ad', 'Repellat est ut libero deleniti. Ullam ut recusandae et. Officiis nesciunt et labore in. Qui consectetur quo corrupti ex aut odio itaque.', 325, 9, 17, '2020-05-09 03:52:50', '2020-05-09 03:52:50'),
(193, 'voluptatem', 'Aperiam voluptas occaecati dolores ab dolorem totam. Veritatis nobis nostrum architecto consequatur. Et ad est corporis iste et officia voluptatibus. Adipisci sint illum est aperiam et.', 773, 8, 15, '2020-05-09 03:52:50', '2020-05-09 03:52:50'),
(194, 'illo', 'Aut sed illum qui. Sint ipsa quaerat at blanditiis ab assumenda. Architecto aut soluta et dolores et cumque eos.', 630, 6, 2, '2020-05-09 03:52:50', '2020-05-09 03:52:50'),
(195, 'quos', 'Autem repellat ut eligendi. Aut voluptas assumenda sed. Molestiae ut est quisquam sint quo sapiente. Aut autem dolores praesentium iure unde quia qui itaque.', 367, 6, 17, '2020-05-09 03:52:50', '2020-05-09 03:52:50'),
(196, 'eos', 'Dolorem rerum a ratione assumenda quia magni. Amet recusandae doloribus sit. Architecto veritatis harum rerum rem. Voluptatem officia alias ad.', 341, 7, 12, '2020-05-09 03:52:50', '2020-05-09 03:52:50'),
(197, 'alias', 'Quae vero sit modi omnis nostrum quam. Quas impedit non nulla id est reprehenderit dolores. Vel error est dignissimos aperiam eligendi nobis.', 540, 0, 24, '2020-05-09 03:52:50', '2020-05-09 03:52:50'),
(198, 'sit', 'Consequatur ea velit officia architecto quia ea. Fugit sint tenetur dolores sequi officiis ut ut. Voluptatem qui aut laboriosam omnis.', 343, 3, 18, '2020-05-09 03:52:50', '2020-05-09 03:52:50'),
(199, 'sit', 'Quia labore qui in voluptas doloremque. Similique error et eligendi iste. Et soluta quos qui similique et repudiandae quam.', 753, 9, 9, '2020-05-09 03:52:50', '2020-05-09 03:52:50'),
(200, 'laudantium', 'Qui laboriosam eveniet vitae et voluptate doloremque odit. Aperiam autem dolorum et aliquid et voluptatem. Ipsum molestias quo ipsum expedita ex.', 727, 2, 11, '2020-05-09 03:52:50', '2020-05-09 03:52:50');

-- --------------------------------------------------------

--
-- Table structure for table `reviews`
--

CREATE TABLE `reviews` (
  `id` bigint(20) UNSIGNED NOT NULL,
  `product_id` bigint(20) UNSIGNED NOT NULL,
  `customer` varchar(255) COLLATE utf8mb4_unicode_ci NOT NULL,
  `review` text COLLATE utf8mb4_unicode_ci NOT NULL,
  `star` int(11) NOT NULL,
  `created_at` timestamp NULL DEFAULT NULL,
  `updated_at` timestamp NULL DEFAULT NULL
) ENGINE=InnoDB DEFAULT CHARSET=utf8mb4 COLLATE=utf8mb4_unicode_ci;

--
-- Dumping data for table `reviews`
--

INSERT INTO `reviews` (`id`, `product_id`, `customer`, `review`, `star`, `created_at`, `updated_at`) VALUES
(1, 187, 'Gordon Rempel IV', 'Libero deserunt ea maxime sit. Quidem sequi aut repudiandae eaque quo vero.', 3, '2020-05-09 03:52:54', '2020-05-09 03:52:54'),
(2, 58, 'Lindsay Jenkins', 'Officia id praesentium molestiae labore. Debitis ipsum quod libero harum vel recusandae amet. Eum amet et et nam ipsum harum vitae veritatis. Qui explicabo voluptates eos qui qui quos nulla.', 1, '2020-05-09 03:52:54', '2020-05-09 03:52:54'),
(3, 31, 'Deven Ernser', 'Placeat non impedit quia commodi velit adipisci. Sint quaerat error vero dolor unde culpa. Id repudiandae ipsa asperiores est sit et placeat.', 0, '2020-05-09 03:52:54', '2020-05-09 03:52:54'),
(4, 72, 'Linda Lynch', 'Incidunt et sit enim. Est deserunt excepturi dolorem. Occaecati reprehenderit ipsum commodi et voluptatem ducimus aperiam. Eos veritatis ut quo repudiandae.', 4, '2020-05-09 03:52:54', '2020-05-09 03:52:54'),
(5, 25, 'Rosalee Maggio', 'Commodi et dolorum quia rerum molestiae tempore aliquid. Nihil sit et non delectus dicta labore at.', 0, '2020-05-09 03:52:54', '2020-05-09 03:52:54'),
(6, 151, 'Lenny Lakin', 'Natus rerum fugiat quibusdam sunt. Consequatur ea dolor non ab veniam. Accusamus sunt aut neque qui qui ut. In est neque velit dicta placeat.', 1, '2020-05-09 03:52:54', '2020-05-09 03:52:54'),
(7, 111, 'Manuela Runolfsdottir', 'Doloribus et consequuntur autem similique rerum eius ex. Et magni laboriosam facilis commodi voluptas vero dolores. Asperiores sapiente necessitatibus nesciunt eveniet voluptatibus expedita est tenetur. Commodi consequatur iusto beatae exercitationem ea ex ut.', 1, '2020-05-09 03:52:54', '2020-05-09 03:52:54'),
(8, 157, 'Katrina Wilderman Sr.', 'Quo qui sed numquam. Quaerat enim dolor quos. Maiores vero porro velit nostrum ducimus. Necessitatibus asperiores distinctio corporis sint qui magni cum.', 0, '2020-05-09 03:52:54', '2020-05-09 03:52:54'),
(9, 48, 'Eleonore Bogan', 'Consequuntur est a et ut accusamus. Et repellat fugiat possimus aut exercitationem. Possimus occaecati et aperiam alias tempore id dicta. Esse minima corrupti soluta iste. Est recusandae tenetur sed omnis sequi architecto id.', 2, '2020-05-09 03:52:54', '2020-05-09 03:52:54'),
(10, 40, 'Roberto Schowalter', 'Officia sed et esse et vel ullam voluptates. Ipsum a qui inventore magnam harum velit adipisci. Rerum voluptatibus est sed ut sit. Dicta suscipit reprehenderit pariatur est.', 4, '2020-05-09 03:52:54', '2020-05-09 03:52:54'),
(11, 133, 'Francis Kautzer', 'Fuga qui nam quidem ipsa exercitationem sed. Aut fugit est maxime sapiente. Molestiae facilis est est fugit consectetur quidem.', 0, '2020-05-09 03:52:54', '2020-05-09 03:52:54'),
(12, 181, 'Antonio Leannon', 'Repudiandae et enim ut et. Numquam est ut aliquam qui et dolore. Officiis aut harum odit eum fugit.', 5, '2020-05-09 03:52:54', '2020-05-09 03:52:54'),
(13, 62, 'Felicity Gleichner', 'Repellat deserunt occaecati accusamus libero cum. Ratione ratione libero sunt nulla quia iusto quia. Omnis temporibus doloremque accusamus nesciunt assumenda dolor. Quia qui reprehenderit aut dolores illum est.', 3, '2020-05-09 03:52:54', '2020-05-09 03:52:54'),
(14, 195, 'Hattie Dicki', 'Ut autem eum soluta deserunt eaque. Animi corrupti neque sequi. Aut veritatis sed aut magni iusto. Velit repellendus libero voluptatem et.', 5, '2020-05-09 03:52:54', '2020-05-09 03:52:54'),
(15, 185, 'Orval Gulgowski', 'Quasi aliquid reprehenderit maxime optio. Corrupti et corrupti ipsa vitae. Occaecati quis veritatis dolorem est saepe tenetur. Sit quis sed ipsam sunt.', 4, '2020-05-09 03:52:54', '2020-05-09 03:52:54'),
(16, 160, 'Dr. Jamey Kling', 'Voluptatum ut reprehenderit autem dolorum minima sit fugiat. Culpa animi possimus dolor quas veniam ex occaecati. At libero ut doloremque voluptas aut quos magni.', 5, '2020-05-09 03:52:54', '2020-05-09 03:52:54'),
(17, 170, 'Charlie Emmerich', 'Ipsa aut iure inventore sunt illum mollitia. Veritatis eos laudantium doloribus ad corrupti odit corporis. Ipsam voluptas est recusandae distinctio voluptas. Tempore nulla natus maxime autem quidem.', 5, '2020-05-09 03:52:54', '2020-05-09 03:52:54'),
(18, 42, 'Mr. Doug Connelly', 'Ut est deleniti sunt nihil. Quo totam et et beatae est maxime quos. Dolore qui adipisci sed tempore aliquam esse quis excepturi. Officiis iusto veniam eum animi voluptas molestias. Doloremque est perspiciatis quod et.', 0, '2020-05-09 03:52:54', '2020-05-09 03:52:54'),
(19, 195, 'Etha Altenwerth Sr.', 'Esse vel repudiandae voluptatibus fugiat similique consectetur et quibusdam. Et qui sint molestias modi ullam dignissimos. Tempora modi quo ipsum iste est et ut. Voluptates recusandae veritatis et est.', 2, '2020-05-09 03:52:54', '2020-05-09 03:52:54'),
(20, 66, 'Branson Stokes', 'Totam dolore mollitia possimus consequatur laborum. Voluptatem optio ullam et cumque dolorum. Sed distinctio laborum animi doloremque dolorum laudantium porro. Eos explicabo eveniet eum quibusdam ipsa ea.', 0, '2020-05-09 03:52:54', '2020-05-09 03:52:54'),
(21, 181, 'Miss Shea Herzog V', 'Aliquam consequatur libero non enim. Numquam omnis id quasi labore. Ut aspernatur sunt et similique.', 0, '2020-05-09 03:52:54', '2020-05-09 03:52:54'),
(22, 6, 'Gracie Jacobs Sr.', 'Mollitia reiciendis tenetur velit enim temporibus dolor. Eius facilis modi dolores maiores. Qui molestiae quidem delectus omnis quis. Voluptas officiis ipsam nesciunt nihil magnam quaerat.', 4, '2020-05-09 03:52:54', '2020-05-09 03:52:54'),
(23, 63, 'Mathew Hoppe', 'Corporis quasi nemo et quisquam qui laborum vel. Necessitatibus suscipit sequi ut incidunt nemo consectetur repellat. Aut est animi autem laudantium. Quo porro quam cupiditate autem fugit maxime consequatur.', 3, '2020-05-09 03:52:54', '2020-05-09 03:52:54'),
(24, 189, 'Chadd Stokes', 'Ipsam omnis et aut accusamus deleniti molestiae ut. Ut dolor non assumenda quia. Facere sed vel dicta nesciunt.', 0, '2020-05-09 03:52:54', '2020-05-09 03:52:54'),
(25, 13, 'Osvaldo Stehr DVM', 'Qui fugit sapiente fuga quae. Dolore voluptatem asperiores repudiandae perferendis. Reprehenderit voluptatum aliquam repudiandae ut nemo. Ut assumenda excepturi omnis aliquam.', 4, '2020-05-09 03:52:54', '2020-05-09 03:52:54'),
(26, 193, 'Mr. Earl Schroeder PhD', 'Libero harum possimus perferendis magnam iste vel tempora. Architecto et corporis unde rerum dolorum repudiandae fuga. Ea consequuntur enim necessitatibus cum ut et tempore. Id veniam occaecati ea culpa recusandae.', 5, '2020-05-09 03:52:54', '2020-05-09 03:52:54'),
(27, 179, 'Dr. Broderick Ward DVM', 'Et temporibus soluta laborum architecto. Asperiores et deserunt sit doloribus consectetur. Iure deleniti odio numquam et occaecati voluptatibus. Delectus aut aut voluptatem modi quas. Magnam ut est voluptatum quam.', 0, '2020-05-09 03:52:54', '2020-05-09 03:52:54'),
(28, 142, 'Myrl Russel MD', 'Et perferendis neque et aut qui. Adipisci ut nulla aliquam porro itaque repudiandae. Accusantium tenetur est dolor ut eum distinctio assumenda culpa. Et ut molestiae fugit aut.', 2, '2020-05-09 03:52:54', '2020-05-09 03:52:54'),
(29, 105, 'Mr. Torey Murphy V', 'Iure ad nobis iure molestias facere aspernatur qui. Et doloremque sed ut rerum. Itaque possimus et quis vel commodi dignissimos consequatur. Aut quis harum molestias tenetur quam.', 1, '2020-05-09 03:52:54', '2020-05-09 03:52:54'),
(30, 193, 'Antonia Torp', 'Nostrum tempora distinctio ad earum error placeat. Omnis voluptas temporibus quisquam. Quod commodi quod nisi in dolorum.', 1, '2020-05-09 03:52:54', '2020-05-09 03:52:54'),
(31, 47, 'Prof. Elian Rowe DVM', 'Et voluptas debitis vero velit blanditiis. Vero dolores qui nulla eum. Fuga placeat numquam ullam totam ut.', 3, '2020-05-09 03:52:54', '2020-05-09 03:52:54'),
(32, 121, 'Casey Greenfelder', 'Commodi eum laboriosam cum aut sit ut. Quo earum in odio sed. Nihil sed eum distinctio unde voluptatum qui sed labore.', 5, '2020-05-09 03:52:54', '2020-05-09 03:52:54'),
(33, 13, 'Hillard Kshlerin', 'Voluptatum omnis adipisci voluptatum facilis. Nobis dolorum excepturi praesentium doloremque mollitia voluptas. Molestiae dolores voluptatem autem nisi voluptas hic. Qui quibusdam ratione quo.', 4, '2020-05-09 03:52:54', '2020-05-09 03:52:54'),
(34, 114, 'Cathrine Bashirian IV', 'Id reiciendis architecto accusamus nobis qui. Nihil voluptates et magni. Vitae id cum est nesciunt.', 0, '2020-05-09 03:52:54', '2020-05-09 03:52:54'),
(35, 75, 'Ryley Schumm', 'Dolor ut in qui nihil accusantium praesentium. In enim quasi ab ut aperiam.', 4, '2020-05-09 03:52:54', '2020-05-09 03:52:54'),
(36, 130, 'Thea Botsford', 'Odit illum est voluptas ut dicta vel dignissimos architecto. Dolorem reprehenderit distinctio quas deserunt aliquam corrupti expedita. Quae ut laboriosam beatae perspiciatis provident.', 1, '2020-05-09 03:52:54', '2020-05-09 03:52:54'),
(37, 3, 'Prof. Garrett Baumbach IV', 'Est commodi ab magni cum adipisci. Expedita illum sunt vel fugit laudantium ut. Asperiores qui error nobis quae. Nobis occaecati mollitia est id.', 1, '2020-05-09 03:52:54', '2020-05-09 03:52:54'),
(38, 6, 'Wilson Cormier', 'Tempore non dolores dignissimos nulla et consequatur. Aspernatur blanditiis autem voluptatem enim repudiandae tempore. Delectus provident suscipit doloribus quis.', 5, '2020-05-09 03:52:54', '2020-05-09 03:52:54'),
(39, 21, 'Ethelyn Sporer', 'Pariatur officiis eos debitis voluptates cupiditate sapiente. Vitae quasi tenetur ipsum ad qui architecto ut laudantium. Quaerat architecto beatae magnam autem corrupti reprehenderit voluptate.', 5, '2020-05-09 03:52:54', '2020-05-09 03:52:54'),
(40, 44, 'Elwyn Beatty', 'Odit voluptatum omnis iste nisi blanditiis. Libero laborum voluptas sed voluptatibus maxime modi. Quaerat aut omnis vel ad.', 3, '2020-05-09 03:52:54', '2020-05-09 03:52:54'),
(41, 66, 'Denis Dietrich', 'Optio quaerat illum quo aut. Fugiat soluta tempora vitae sit. Aliquid dolor et non ipsa officia.', 5, '2020-05-09 03:52:54', '2020-05-09 03:52:54'),
(42, 106, 'Mr. Baylee Morar IV', 'Optio voluptatibus eum sed ut. Omnis officia velit praesentium. Recusandae assumenda perspiciatis distinctio ratione qui et nam atque. Dolores consequatur totam non in.', 0, '2020-05-09 03:52:54', '2020-05-09 03:52:54'),
(43, 91, 'Fern Stanton', 'Quia incidunt eveniet sint rem. Est quos sequi quos maiores explicabo tenetur ullam asperiores. Architecto nesciunt aut qui velit cupiditate.', 2, '2020-05-09 03:52:54', '2020-05-09 03:52:54'),
(44, 126, 'Dr. Nayeli Funk', 'Similique porro sunt voluptas at et atque error porro. Cumque magnam perferendis est. Molestias omnis nesciunt molestiae cum unde. Odit iste aut assumenda et quo aut.', 2, '2020-05-09 03:52:54', '2020-05-09 03:52:54'),
(45, 64, 'Dr. Murl Herzog IV', 'Id voluptatibus ut voluptatem quo. Et harum rem dolor quia odio. Quidem hic molestiae itaque suscipit. Perferendis est dignissimos at facilis provident.', 1, '2020-05-09 03:52:54', '2020-05-09 03:52:54'),
(46, 170, 'Hillary King', 'Corrupti aut laborum error quae at. Dolorem qui debitis aut. Non aut qui omnis qui et veniam nulla. Aliquam ex aliquam nostrum eaque quod.', 3, '2020-05-09 03:52:54', '2020-05-09 03:52:54'),
(47, 159, 'Valentina Turcotte', 'Provident dolorum id aut explicabo beatae ut. Et nam eos qui. Adipisci aut totam accusantium iste.', 5, '2020-05-09 03:52:54', '2020-05-09 03:52:54'),
(48, 140, 'Prof. Melvina Emmerich II', 'Et inventore velit asperiores aut aperiam est cupiditate. Exercitationem molestiae nam aut adipisci eaque. Mollitia dolores sequi mollitia.', 4, '2020-05-09 03:52:54', '2020-05-09 03:52:54'),
(49, 67, 'Verlie Altenwerth', 'Cupiditate sunt beatae quia quod. Cum dolorem rem in eos. Dolor totam aliquam sit consequatur.', 1, '2020-05-09 03:52:54', '2020-05-09 03:52:54'),
(50, 103, 'Prof. Julius Berge I', 'Et aut perferendis sit eaque. Maiores a qui corrupti consectetur nam et corrupti. Non at doloremque minus. Dolore itaque ut ratione saepe dolorem nobis. Quaerat aut perspiciatis et sed.', 1, '2020-05-09 03:52:54', '2020-05-09 03:52:54'),
(51, 146, 'Federico Kuhic', 'Qui repellat consequatur modi rerum sequi ad. Quasi voluptatum eos esse. Qui aliquam et deserunt deserunt fugiat veniam debitis. Unde qui numquam nemo tenetur tempora cumque tempore.', 4, '2020-05-09 03:52:54', '2020-05-09 03:52:54'),
(52, 169, 'Clementine Tremblay', 'Facilis consectetur labore ad praesentium. Architecto vel similique illo qui consequuntur et. Architecto nulla nisi optio nihil necessitatibus libero maxime. Officiis totam saepe earum voluptas nostrum incidunt.', 2, '2020-05-09 03:52:54', '2020-05-09 03:52:54'),
(53, 45, 'Breanna Hermiston', 'Rerum est pariatur aspernatur ad blanditiis quia. Dolore amet et reiciendis dignissimos. Eaque minus qui enim quo. Id sequi sed ad autem neque. Quidem error sed ut ducimus iste magnam qui.', 3, '2020-05-09 03:52:54', '2020-05-09 03:52:54'),
(54, 171, 'Prof. Clark Donnelly IV', 'Ut id voluptatibus dolor consequuntur aut non. Itaque fugit dolores vel. Dignissimos quia excepturi magni sit deleniti voluptatem ut nostrum. Quia sint quisquam sit corrupti reiciendis vel.', 5, '2020-05-09 03:52:54', '2020-05-09 03:52:54'),
(55, 54, 'Madalyn Gorczany', 'Aut enim eum ad. Voluptatibus qui sit enim esse labore optio voluptatem. Distinctio doloremque error quo maiores nisi. Quos consectetur ut tempore est animi et itaque.', 1, '2020-05-09 03:52:54', '2020-05-09 03:52:54'),
(56, 138, 'Harry Keeling', 'At quis sit corporis nostrum inventore corporis. Molestiae nulla esse minus. Non accusamus culpa odit dolorum sunt.', 2, '2020-05-09 03:52:54', '2020-05-09 03:52:54'),
(57, 187, 'Prof. Beau Pfeffer', 'Laboriosam quo laudantium voluptates voluptate sit quaerat dicta. Veritatis ut ut neque quis fugit aut voluptatem. Veritatis quisquam dolores ratione est ut et labore.', 3, '2020-05-09 03:52:54', '2020-05-09 03:52:54'),
(58, 26, 'Prof. Johnathon Bergnaum III', 'Magni reprehenderit repudiandae sint in. Enim sed magnam fugit qui et aut consequatur eos. Officiis non laborum aspernatur laborum consequatur cupiditate. Libero eligendi eligendi rerum atque nam ab.', 3, '2020-05-09 03:52:54', '2020-05-09 03:52:54'),
(59, 111, 'Domenic Jast MD', 'Aspernatur voluptatem officia culpa fugiat. Animi voluptas ipsam voluptates dicta et. Sed veniam quia atque placeat vitae.', 3, '2020-05-09 03:52:54', '2020-05-09 03:52:54'),
(60, 178, 'Mr. Frederic Hansen', 'Dicta adipisci fuga ut dolores. At quae id eveniet. Ratione nihil sapiente ut. Quia veniam consequatur modi sapiente aperiam est dolorem commodi.', 3, '2020-05-09 03:52:55', '2020-05-09 03:52:55'),
(61, 75, 'Aurore Dickinson', 'Sapiente in omnis inventore commodi quia similique. Distinctio eos quia fugiat dolore deserunt.', 2, '2020-05-09 03:52:55', '2020-05-09 03:52:55'),
(62, 91, 'Theodora Simonis', 'Est velit accusamus veritatis est officiis facilis quis ut. Consequuntur voluptas ut et possimus repellat. Facilis omnis dolorem necessitatibus qui.', 1, '2020-05-09 03:52:55', '2020-05-09 03:52:55'),
(63, 173, 'Bulah Harvey', 'Et laborum libero sapiente. Et ipsa aperiam minus ipsam. Sint assumenda dolore consequuntur ipsam eius suscipit. Eaque dolorem id ipsa odit deserunt laboriosam. Et iure architecto omnis aut.', 5, '2020-05-09 03:52:55', '2020-05-09 03:52:55'),
(64, 66, 'Keon Tremblay', 'Consequatur cum veritatis est quaerat. Quia quo illum labore ut perferendis sunt. Blanditiis et qui aliquid ipsam. Est amet itaque id aut.', 4, '2020-05-09 03:52:55', '2020-05-09 03:52:55'),
(65, 144, 'Mrs. Kenya Barton V', 'Optio saepe accusantium eos ut harum. Enim quis aperiam exercitationem aut atque nisi aperiam ea. Ipsum omnis expedita sint molestiae id.', 1, '2020-05-09 03:52:55', '2020-05-09 03:52:55'),
(66, 58, 'Kaylah Weber', 'Ab reiciendis sint placeat possimus ad quia maiores. Vero vel veniam sunt in. Quidem velit voluptatem neque est ut. Enim est autem voluptatem voluptatibus repudiandae sed.', 4, '2020-05-09 03:52:55', '2020-05-09 03:52:55'),
(67, 179, 'Kacie Jakubowski PhD', 'Tempore nemo eligendi laboriosam aliquam asperiores sit aut. Ab unde expedita voluptatum eveniet porro. Voluptatum labore dolorum eligendi odio harum numquam. Officiis soluta et voluptatem.', 1, '2020-05-09 03:52:55', '2020-05-09 03:52:55'),
(68, 173, 'Aleen Cummerata', 'Nisi voluptatem qui sunt quidem voluptas et. Voluptates odit dolorem consequatur est aliquid. Tenetur ullam doloremque qui nihil iure quas. Voluptate excepturi amet corrupti qui illo ea repellendus.', 3, '2020-05-09 03:52:55', '2020-05-09 03:52:55'),
(69, 106, 'Juwan McGlynn Jr.', 'Recusandae quasi iusto corporis sint perspiciatis dolores necessitatibus. Qui impedit in quae minima et voluptatibus eaque. Sequi nesciunt nihil vitae et ut aliquam tempora iste.', 4, '2020-05-09 03:52:55', '2020-05-09 03:52:55'),
(70, 57, 'Rachael Hand', 'Ut quia nam odit cum atque. In eos voluptatem aut adipisci rerum. Ut rem aut quibusdam nesciunt qui. Tenetur non non eos soluta voluptas.', 0, '2020-05-09 03:52:55', '2020-05-09 03:52:55'),
(71, 99, 'Dessie Hessel', 'Iure qui commodi praesentium architecto a. Sed magni ab maxime animi consequatur eveniet consequuntur. Quibusdam illum sit optio harum veritatis animi quos.', 3, '2020-05-09 03:52:55', '2020-05-09 03:52:55'),
(72, 125, 'Daniella Weissnat', 'Totam earum velit incidunt rerum. Amet quaerat consequatur ab nulla. Vitae natus ad qui nesciunt ut beatae.', 4, '2020-05-09 03:52:55', '2020-05-09 03:52:55'),
(73, 147, 'Prof. Juston Hickle', 'Repellendus qui sed similique. Fugiat odit delectus velit doloremque ut. Deleniti et vitae enim iusto.', 4, '2020-05-09 03:52:55', '2020-05-09 03:52:55'),
(74, 180, 'Isabelle Goyette', 'Quam molestiae id aut dolorem eum exercitationem in facere. Et incidunt dolorum eum itaque unde quaerat et deleniti.', 2, '2020-05-09 03:52:55', '2020-05-09 03:52:55'),
(75, 112, 'Lexi Schaefer IV', 'Et aut porro non. Expedita quis labore voluptatem perspiciatis voluptas. Voluptate sit eos consectetur.', 5, '2020-05-09 03:52:55', '2020-05-09 03:52:55'),
(76, 100, 'Chaya Collier', 'Odit corporis ab consequatur esse sit nisi atque placeat. Odit quibusdam saepe delectus est voluptatem nihil quod. Qui consequatur maiores reprehenderit doloribus officia. Voluptatibus a autem ipsam aut magnam.', 4, '2020-05-09 03:52:55', '2020-05-09 03:52:55'),
(77, 168, 'Jaiden Wilkinson', 'Iusto quia eos reprehenderit aperiam quis earum. Nemo est et cupiditate iusto aut doloremque earum.', 1, '2020-05-09 03:52:55', '2020-05-09 03:52:55'),
(78, 103, 'Wilburn Mitchell DVM', 'Neque nam magnam ipsam nulla nisi. A ratione voluptas suscipit est. Non animi delectus mollitia aut facere repudiandae.', 4, '2020-05-09 03:52:55', '2020-05-09 03:52:55'),
(79, 198, 'Celestine Goldner', 'Mollitia est minus tenetur aut ut assumenda. Ut sit aut rerum optio. Quisquam corporis quae voluptas.', 4, '2020-05-09 03:52:55', '2020-05-09 03:52:55'),
(80, 40, 'Jaiden Stracke V', 'Officiis aperiam sed consequatur saepe necessitatibus et. Minima amet dolore voluptates tempora esse sint. Facere ut aut pariatur possimus natus odio.', 3, '2020-05-09 03:52:55', '2020-05-09 03:52:55'),
(81, 24, 'Simone Wilkinson', 'Cupiditate atque eius quod. Nihil labore cumque ab est ducimus. Iusto tenetur non nesciunt quia nulla est. Doloribus illo accusamus et non velit ex voluptatem.', 2, '2020-05-09 03:52:55', '2020-05-09 03:52:55'),
(82, 110, 'Dr. Justina Gutmann IV', 'Commodi nam excepturi nihil exercitationem earum aut eveniet. Accusamus reprehenderit quis aliquam earum aliquam saepe. Dolorem molestiae sunt nobis quaerat deserunt officia odio.', 2, '2020-05-09 03:52:55', '2020-05-09 03:52:55'),
(83, 118, 'Arch Kuvalis', 'Et id quas consequatur nihil fugiat. Nihil voluptatum cupiditate autem saepe blanditiis debitis itaque. Consequuntur expedita laudantium est et. Quas dolore voluptas quae voluptatibus.', 3, '2020-05-09 03:52:55', '2020-05-09 03:52:55'),
(84, 128, 'Jayce Fahey', 'Iste eius deserunt veniam error rem. Sed et a rem architecto. Et fugit neque numquam omnis maiores. Et dicta eaque natus hic natus voluptatem quis.', 1, '2020-05-09 03:52:55', '2020-05-09 03:52:55'),
(85, 181, 'Randy Mraz', 'Dolores velit qui unde sed voluptatem. Eos quae dolor sed officiis. Dolores suscipit qui impedit vitae corrupti ut ea. Repudiandae similique sed hic qui. Unde aliquam rerum voluptates cupiditate quibusdam nam praesentium.', 0, '2020-05-09 03:52:55', '2020-05-09 03:52:55'),
(86, 63, 'Aidan Feeney', 'Sint neque voluptates reiciendis. Sed in facere enim dolores dignissimos provident iure nobis. Est quae autem hic repellat quisquam. Consectetur officia unde suscipit atque sunt.', 0, '2020-05-09 03:52:55', '2020-05-09 03:52:55'),
(87, 80, 'Miss Norma Prohaska V', 'Nihil enim omnis illo aut. Dolor eos voluptas suscipit aut. Praesentium ad rerum totam laborum iste sequi. Nihil a consectetur quis consequuntur provident illum molestiae.', 3, '2020-05-09 03:52:55', '2020-05-09 03:52:55'),
(88, 186, 'Marjory Bailey V', 'Perferendis vel iste expedita delectus molestiae aut est. Qui et nam aut est quaerat in nulla minima. Modi quae rerum ut quo id officia.', 4, '2020-05-09 03:52:55', '2020-05-09 03:52:55'),
(89, 141, 'Francesca Bruen IV', 'Asperiores aut quisquam voluptatum rerum nostrum. Veritatis enim voluptate nulla dolor voluptatem. Pariatur rem enim ea sed necessitatibus culpa sit eveniet.', 5, '2020-05-09 03:52:55', '2020-05-09 03:52:55'),
(90, 194, 'Prof. Opal Sauer', 'Sit eaque praesentium sapiente voluptates. Voluptas velit ad dolorem itaque enim. Amet minima rerum minima nobis sit non.', 0, '2020-05-09 03:52:55', '2020-05-09 03:52:55'),
(91, 14, 'Carole Halvorson', 'Aut nisi quas saepe expedita error at voluptate non. Consequatur ducimus consequuntur numquam saepe distinctio. Repellendus alias ea nemo laborum eum at sed.', 4, '2020-05-09 03:52:55', '2020-05-09 03:52:55'),
(92, 200, 'Brendan Schmeler', 'Voluptatum temporibus ad omnis ea et. Nihil possimus quia natus.', 3, '2020-05-09 03:52:55', '2020-05-09 03:52:55'),
(93, 7, 'Hillard Tremblay IV', 'Ut pariatur est debitis nisi asperiores voluptatem voluptate repellat. Iusto ea ullam esse illo porro. Sed qui fugit voluptate labore modi. Quaerat voluptates esse quae libero odio.', 0, '2020-05-09 03:52:55', '2020-05-09 03:52:55'),
(94, 25, 'Alana Simonis', 'Est in omnis harum. Doloremque dolor aliquid autem sunt ea. Cum natus ducimus ea est voluptatibus. Eos quaerat eos reprehenderit tempora quis nihil est.', 3, '2020-05-09 03:52:55', '2020-05-09 03:52:55'),
(95, 77, 'Mrs. Adaline Krajcik', 'Consequatur voluptates aut corporis natus rerum quibusdam reiciendis. Quod nihil sunt fugiat adipisci. Ad dolores recusandae alias quis.', 5, '2020-05-09 03:52:55', '2020-05-09 03:52:55'),
(96, 5, 'Dina Hintz', 'Cumque illum eum doloremque laborum a impedit ea facilis. Nemo sunt nemo est numquam aspernatur aut. Voluptates cupiditate asperiores delectus vel neque optio cupiditate.', 3, '2020-05-09 03:52:55', '2020-05-09 03:52:55'),
(97, 139, 'Madalyn Senger', 'Rerum esse fugit aperiam reprehenderit aliquid aut. Minus rem enim doloremque doloribus nobis dolorem quo libero. Necessitatibus dignissimos laudantium ut eos.', 3, '2020-05-09 03:52:55', '2020-05-09 03:52:55'),
(98, 104, 'Arvilla Lind', 'Dolore necessitatibus labore consequatur perspiciatis. Non libero odit asperiores aut sint. Nesciunt necessitatibus est optio aperiam nemo mollitia. Corrupti incidunt est in quia qui ipsa earum.', 0, '2020-05-09 03:52:55', '2020-05-09 03:52:55'),
(99, 39, 'Dr. Antonia Brakus', 'Rem velit aspernatur quia minima iusto. Corporis magnam voluptas minima nemo delectus. Eos sit quas ullam.', 3, '2020-05-09 03:52:55', '2020-05-09 03:52:55'),
(100, 97, 'Jayden Cormier', 'Porro dolorem excepturi velit ea vel. Numquam eaque et ut impedit alias ratione rem. Ab perferendis sunt explicabo ut natus provident.', 3, '2020-05-09 03:52:55', '2020-05-09 03:52:55'),
(101, 9, 'Elian Mueller', 'Dolores aspernatur fugit quos voluptatem. Ducimus ullam accusamus quis mollitia et. Est voluptas sit amet dolorem quia sed. Quis ut consequatur incidunt ex facilis odit placeat.', 0, '2020-05-09 03:52:55', '2020-05-09 03:52:55'),
(102, 64, 'Maximillia Champlin', 'Beatae et quisquam esse ex. Sint tenetur nihil recusandae. Quasi dolore et voluptatum sint sapiente voluptatibus quibusdam.', 1, '2020-05-09 03:52:55', '2020-05-09 03:52:55'),
(103, 142, 'Emmanuel Turcotte', 'Eveniet tempora sit aut non. Iusto officia voluptatem eum. Quae iste rerum ducimus. Aliquam ut unde maiores esse. Dolorum odio vero aut sint id.', 2, '2020-05-09 03:52:55', '2020-05-09 03:52:55'),
(104, 140, 'Jalyn Johnson', 'Libero dolorem voluptatem provident rerum. Quae incidunt est id reiciendis a quidem. Aut corporis molestiae explicabo id. Esse aut odio ut aut.', 1, '2020-05-09 03:52:55', '2020-05-09 03:52:55'),
(105, 17, 'Marisol Kub', 'Quasi est hic iste magni quia qui sed odit. Tenetur itaque praesentium sapiente. Harum aperiam illum numquam aut dicta voluptatem. A perspiciatis et dolorem labore quae nihil dolor.', 0, '2020-05-09 03:52:55', '2020-05-09 03:52:55'),
(106, 171, 'Weldon Schumm', 'Voluptatem est aut et saepe tempora nisi delectus. Unde reiciendis magnam sed minus explicabo et. Et aut blanditiis quia accusantium repudiandae. Repudiandae pariatur ducimus ea.', 3, '2020-05-09 03:52:55', '2020-05-09 03:52:55'),
(107, 129, 'Sadye Lesch', 'Consequuntur culpa eveniet quia ut sit repellendus illo voluptate. Unde sequi aut qui. In quas molestiae dolore ratione tempora. Dolores unde maiores est ut consequatur.', 1, '2020-05-09 03:52:55', '2020-05-09 03:52:55'),
(108, 122, 'Kaley Little III', 'Sed tempora deleniti impedit iure dolores rerum. Dolor et voluptate dolor. Ea ut provident quidem in nisi nobis magni esse. Quis ex et dolor eum.', 5, '2020-05-09 03:52:55', '2020-05-09 03:52:55'),
(109, 5, 'Prof. Nadia Hill Sr.', 'Dolorem neque minima culpa deleniti fugit qui. Ipsum odio neque consequatur voluptatem. Unde ab a nesciunt et. Aut qui aspernatur possimus nobis harum. Sequi ea quam aliquid omnis.', 5, '2020-05-09 03:52:55', '2020-05-09 03:52:55'),
(110, 56, 'Tianna Hegmann', 'Et pariatur facere repudiandae molestias. Iure delectus consequatur nihil aut. Aliquid est sunt dolores distinctio quo.', 3, '2020-05-09 03:52:55', '2020-05-09 03:52:55'),
(111, 119, 'Dock Macejkovic', 'Ducimus quisquam ut cupiditate quod expedita. Dolorem eaque voluptas impedit et deleniti. Deleniti doloribus laborum quisquam possimus molestiae necessitatibus ducimus.', 1, '2020-05-09 03:52:55', '2020-05-09 03:52:55'),
(112, 99, 'Precious Stanton III', 'Expedita id sed esse nobis sapiente. Eum voluptates qui repellat suscipit assumenda. Facere aut enim facere enim ex est asperiores.', 1, '2020-05-09 03:52:55', '2020-05-09 03:52:55'),
(113, 87, 'Dr. Ransom Adams Jr.', 'Qui dolores eum labore ratione omnis non doloremque sunt. Explicabo voluptatem quia eveniet quas possimus voluptatem quidem. Aliquid dicta consectetur ea alias.', 2, '2020-05-09 03:52:55', '2020-05-09 03:52:55'),
(114, 194, 'Valentina Gutkowski PhD', 'Quis ea laboriosam eius nihil voluptas asperiores corrupti quisquam. Et facilis neque dolorem voluptatem. Et molestiae voluptas reiciendis dolores inventore sed.', 3, '2020-05-09 03:52:55', '2020-05-09 03:52:55'),
(115, 25, 'Reid Legros', 'Est hic quis animi excepturi doloribus fuga. Est quia dolor ut molestias qui quo dolores illum. Illo veniam occaecati fugit eveniet. Quos dicta magnam voluptatem dolorem.', 2, '2020-05-09 03:52:55', '2020-05-09 03:52:55'),
(116, 80, 'Agustina Daniel', 'Autem repudiandae aliquid velit tempora omnis quas. Neque est ea quia quia cupiditate ratione. Libero expedita nobis qui nostrum aut.', 5, '2020-05-09 03:52:55', '2020-05-09 03:52:55'),
(117, 10, 'Angie Bradtke', 'Vitae quia sit qui dolor non. Ipsa provident ducimus eos reiciendis harum itaque. Vitae ex eos dolore sed soluta incidunt et.', 0, '2020-05-09 03:52:55', '2020-05-09 03:52:55'),
(118, 58, 'Brad Pollich', 'Aut ut inventore ipsam est. Inventore error enim at animi natus officiis hic.', 0, '2020-05-09 03:52:55', '2020-05-09 03:52:55'),
(119, 38, 'Michael Botsford DDS', 'Vel unde debitis earum alias sapiente debitis alias. Magnam vitae quis commodi.', 4, '2020-05-09 03:52:55', '2020-05-09 03:52:55'),
(120, 78, 'Mr. Duncan Oberbrunner', 'Sed ut eveniet in quis veritatis et. Fuga voluptatum accusamus quod aut voluptates nulla. Culpa porro ducimus illo facilis et ut.', 0, '2020-05-09 03:52:55', '2020-05-09 03:52:55'),
(121, 38, 'Miss Shanel Waters I', 'Nam cupiditate delectus nihil atque quisquam distinctio excepturi. Necessitatibus tempore minima quas voluptatibus expedita voluptatem accusantium veniam. Inventore perferendis ut beatae tenetur.', 0, '2020-05-09 03:52:55', '2020-05-09 03:52:55'),
(122, 7, 'Craig Brekke', 'Culpa culpa natus illum ut omnis et ut. Autem tempore magnam eaque vel quia veritatis debitis. Eveniet autem itaque sequi natus. Alias sint et aut nihil. Dolor totam qui sequi minima perspiciatis deleniti corrupti.', 4, '2020-05-09 03:52:55', '2020-05-09 03:52:55'),
(123, 46, 'Kelvin Nikolaus', 'Quam architecto est facilis aut dolores sapiente. Velit sit dolores accusamus in sed et sequi. Ab dolores dignissimos cumque et repellat. Delectus nihil delectus eum rerum.', 0, '2020-05-09 03:52:55', '2020-05-09 03:52:55'),
(124, 118, 'Susanna Lakin', 'Eos aliquid ex ducimus aut quibusdam. Facilis est asperiores alias ab facilis. Et eos quasi et explicabo nam.', 5, '2020-05-09 03:52:55', '2020-05-09 03:52:55'),
(125, 61, 'Nicolas Reichel', 'Accusantium soluta quidem illo placeat quod. Et accusantium eveniet voluptas eius praesentium quisquam voluptatibus molestias. Nihil qui tenetur autem voluptas est magnam explicabo commodi. Et enim cupiditate consequatur earum.', 5, '2020-05-09 03:52:55', '2020-05-09 03:52:55'),
(126, 73, 'Prof. Adrian Greenholt DDS', 'Non exercitationem delectus quia autem. Non libero sed ipsa illo iusto alias. Debitis recusandae sit repellat molestias. Quibusdam in sunt culpa a.', 5, '2020-05-09 03:52:55', '2020-05-09 03:52:55'),
(127, 106, 'Vena Moore', 'Autem hic sit consectetur aut voluptatum. Reprehenderit quaerat omnis minima blanditiis pariatur. Neque deserunt omnis minima quia veniam sapiente veritatis.', 4, '2020-05-09 03:52:55', '2020-05-09 03:52:55'),
(128, 98, 'Dr. Tod Kreiger III', 'Alias voluptate explicabo ex libero cupiditate corporis. Odit distinctio praesentium rem quae amet voluptates consectetur. Voluptatum quasi autem blanditiis dignissimos debitis magni sed. Sit pariatur libero et animi.', 0, '2020-05-09 03:52:55', '2020-05-09 03:52:55'),
(129, 180, 'Laurie Johns', 'Deserunt sunt minima nisi dolore. Magni iure et qui.', 2, '2020-05-09 03:52:55', '2020-05-09 03:52:55'),
(130, 163, 'Mr. Kane Daniel IV', 'Mollitia et consectetur occaecati. Pariatur nihil sit soluta. Eum esse quia nostrum ab accusantium atque.', 2, '2020-05-09 03:52:55', '2020-05-09 03:52:55'),
(131, 133, 'Mrs. Helene Ledner DVM', 'Incidunt asperiores excepturi illo nemo et veniam dolores eveniet. Veniam voluptas neque et placeat architecto. Est et asperiores sunt nam et distinctio adipisci. Dolor incidunt cupiditate laboriosam cum quia quasi aliquam.', 3, '2020-05-09 03:52:55', '2020-05-09 03:52:55'),
(132, 27, 'Jorge Abernathy', 'Voluptatem nobis sed est iusto. Voluptates reprehenderit dolorum recusandae ducimus modi. Incidunt molestiae facilis enim aperiam sequi. Illum maiores cumque maxime maiores dignissimos.', 2, '2020-05-09 03:52:55', '2020-05-09 03:52:55'),
(133, 171, 'Ms. Alivia Haag V', 'Illum itaque dolores doloribus in eos odit nisi. Sunt deserunt ut et delectus. Occaecati ea ea saepe cum temporibus possimus consequatur.', 1, '2020-05-09 03:52:55', '2020-05-09 03:52:55'),
(134, 193, 'Kaitlin Rowe', 'Assumenda ut et libero ea fugit. Eum rem officiis consectetur qui quia dolore. Adipisci voluptates error ab eveniet.', 0, '2020-05-09 03:52:55', '2020-05-09 03:52:55'),
(135, 109, 'Vern McClure I', 'Debitis numquam ut ut architecto voluptate. Et deserunt et ut itaque nostrum harum. Temporibus eius et qui. Perspiciatis sed sapiente minus autem molestias rerum autem.', 2, '2020-05-09 03:52:55', '2020-05-09 03:52:55'),
(136, 18, 'Prof. Marjory Block PhD', 'Blanditiis hic quae dolores accusamus autem eum consequatur. Ipsam beatae animi et quia qui eum sint. Temporibus omnis a vero autem qui.', 5, '2020-05-09 03:52:55', '2020-05-09 03:52:55'),
(137, 130, 'Prof. Micheal Haley', 'A consequuntur esse nobis qui exercitationem. Aut porro magni culpa laboriosam consequuntur et. Facilis dolor voluptatum architecto accusamus cumque eum eum animi.', 4, '2020-05-09 03:52:55', '2020-05-09 03:52:55'),
(138, 69, 'Nico Ryan', 'Doloremque enim vero fugit eaque mollitia. Voluptatibus optio distinctio quaerat sit quos et iure. Harum praesentium quo unde eum ab necessitatibus est.', 1, '2020-05-09 03:52:55', '2020-05-09 03:52:55'),
(139, 193, 'Scottie Boyer DVM', 'Reprehenderit debitis et velit maiores. Magnam et nulla aut delectus exercitationem perferendis unde. Molestiae eum aut recusandae totam temporibus tempore.', 0, '2020-05-09 03:52:55', '2020-05-09 03:52:55'),
(140, 175, 'Dorcas Harvey', 'Quo rem qui temporibus assumenda. Velit laudantium voluptatem provident nostrum fuga. Cumque voluptatum similique itaque repudiandae placeat impedit aut. Commodi et dolore quo aut quae facilis iusto.', 3, '2020-05-09 03:52:55', '2020-05-09 03:52:55'),
(141, 4, 'Julien Crooks', 'Perspiciatis quia consequatur iusto temporibus ullam. Voluptatibus dolorum dolorem et dicta ipsa. Vero nam nam nesciunt sunt voluptatem voluptatem pariatur beatae. Eum aut provident et. Est eveniet totam eveniet.', 1, '2020-05-09 03:52:55', '2020-05-09 03:52:55'),
(142, 102, 'Amelia Wolf', 'Quas reprehenderit laboriosam sunt qui veniam. Beatae repellendus sunt voluptatum delectus.', 4, '2020-05-09 03:52:55', '2020-05-09 03:52:55'),
(143, 152, 'Abel Runte', 'Dolorem repellendus incidunt et voluptas eveniet possimus nam incidunt. Explicabo sapiente eveniet nam ipsam sed. Reprehenderit animi ullam quasi.', 3, '2020-05-09 03:52:55', '2020-05-09 03:52:55'),
(144, 193, 'Prof. Demarcus Osinski I', 'Molestiae quia quia illum atque quidem. Nulla eveniet voluptatibus quidem placeat. Voluptate quo possimus voluptatum illum.', 4, '2020-05-09 03:52:55', '2020-05-09 03:52:55'),
(145, 126, 'Arlie Bogan', 'Et fugiat ratione sint voluptas numquam. Sed recusandae numquam repellat quia. Ratione possimus quis aliquam rem.', 1, '2020-05-09 03:52:55', '2020-05-09 03:52:55'),
(146, 2, 'Callie Schaden', 'Et similique non perspiciatis. Molestiae explicabo id dolorem in est deleniti excepturi. Sunt qui tempora similique amet. Illo doloribus consequatur minus enim aliquid quo.', 3, '2020-05-09 03:52:55', '2020-05-09 03:52:55'),
(147, 153, 'Maddison Heathcote', 'Et reiciendis adipisci alias enim quia placeat non qui. Aut dolor impedit voluptatem vel laborum autem numquam. Odit omnis voluptas tempore sit nam. Tempora doloremque doloremque fugiat consequatur qui.', 0, '2020-05-09 03:52:55', '2020-05-09 03:52:55'),
(148, 26, 'Naomi Gottlieb', 'Et dolorem expedita perferendis. Sit suscipit inventore quidem quia eum. Hic qui eos est quam. Quisquam molestias hic saepe et.', 1, '2020-05-09 03:52:55', '2020-05-09 03:52:55'),
(149, 105, 'Ariane Rippin', 'Praesentium eum a corrupti ea non dolores consequatur. Quia voluptatum aliquam accusantium libero voluptatem ut sunt. Et exercitationem consequatur laborum repudiandae maxime non quia vel.', 1, '2020-05-09 03:52:55', '2020-05-09 03:52:55'),
(150, 173, 'Hunter Donnelly I', 'Qui sunt eos quaerat quae et. Aut inventore quos omnis dolore debitis nobis. Rem cum dolor neque commodi adipisci.', 5, '2020-05-09 03:52:55', '2020-05-09 03:52:55'),
(151, 165, 'Mr. Ubaldo Cole', 'Qui blanditiis voluptate voluptatem fugit nisi quasi. Architecto est tempore ut voluptatibus qui esse. Quis qui accusamus suscipit ea. Et voluptatem blanditiis nam debitis repellat voluptate sint. Nihil consequatur voluptatem aut ratione architecto.', 4, '2020-05-09 03:52:55', '2020-05-09 03:52:55'),
(152, 122, 'Vivienne Beier', 'Soluta sed ad laudantium ab esse nisi. Similique nesciunt ut nesciunt ea qui quasi. Quibusdam aliquam qui eaque porro expedita sapiente.', 2, '2020-05-09 03:52:55', '2020-05-09 03:52:55'),
(153, 76, 'Noe Raynor', 'Exercitationem tempora culpa occaecati sint quam. Quam impedit deleniti ex enim dolorum deserunt cum. Voluptatum tempora expedita sit tempora odit dicta. Voluptatem quia dolor sequi consequatur officiis et.', 5, '2020-05-09 03:52:55', '2020-05-09 03:52:55'),
(154, 91, 'Amparo Upton', 'Fugit similique esse labore nobis harum. Tenetur dolore quia quis et quisquam. Voluptatem sint unde possimus illum quos.', 2, '2020-05-09 03:52:55', '2020-05-09 03:52:55'),
(155, 88, 'Pascale Baumbach', 'Fugit modi et autem quibusdam. Inventore sapiente delectus ut eveniet iste dolor dicta.', 0, '2020-05-09 03:52:55', '2020-05-09 03:52:55'),
(156, 49, 'Marielle Huel', 'Aut quia adipisci est. Eligendi repudiandae perferendis excepturi ab. Ullam est occaecati illo recusandae laudantium.', 2, '2020-05-09 03:52:55', '2020-05-09 03:52:55'),
(157, 48, 'Mrs. Gia Price DDS', 'Dolore qui voluptatem blanditiis consequatur. Quibusdam dolorem ipsa quidem quos qui. Non quae fugiat vitae reiciendis. Eos assumenda vitae tempora dolor cum.', 1, '2020-05-09 03:52:55', '2020-05-09 03:52:55'),
(158, 70, 'Luella Lindgren', 'Nulla deleniti eos rerum non sed esse. Deleniti porro rerum dolores quis. Iusto placeat perferendis commodi numquam eius accusamus animi sit. Earum sequi non rem temporibus repellat et.', 0, '2020-05-09 03:52:55', '2020-05-09 03:52:55'),
(159, 82, 'Joelle Rodriguez', 'Dolor eos ut est. Et quidem aut modi et dolores eligendi. Quas sed molestias et sunt quaerat.', 4, '2020-05-09 03:52:55', '2020-05-09 03:52:55'),
(160, 153, 'Lenore Reilly', 'Consequuntur et qui dolores ut totam. Non dolores et id porro voluptate ipsa blanditiis tempora. Voluptatem ut neque ut aut aut. Autem earum blanditiis nemo modi qui.', 2, '2020-05-09 03:52:55', '2020-05-09 03:52:55'),
(161, 18, 'Michaela Aufderhar', 'A veniam quis in aliquam. Eum aut sit consectetur iure eos dolorem iste. Soluta expedita earum nisi culpa voluptate et velit eum.', 5, '2020-05-09 03:52:55', '2020-05-09 03:52:55'),
(162, 91, 'Ms. Andreane Brekke', 'Iste eius voluptatem esse non ducimus. Omnis mollitia minus corporis.', 1, '2020-05-09 03:52:55', '2020-05-09 03:52:55'),
(163, 155, 'Demario Howe', 'Ducimus ratione blanditiis in dicta sit id cumque. Maiores aut id reiciendis totam nulla nisi repudiandae. Eaque sed officia perferendis exercitationem omnis nulla. Unde qui sed ipsam officiis exercitationem sit rerum laborum.', 1, '2020-05-09 03:52:55', '2020-05-09 03:52:55'),
(164, 109, 'Regan Upton DVM', 'Sit voluptatem sunt sed occaecati et labore. Assumenda quibusdam molestias vero et. Ipsam aut incidunt molestias. Ut qui eligendi incidunt impedit occaecati officiis excepturi. Eos veniam inventore autem molestias praesentium.', 4, '2020-05-09 03:52:55', '2020-05-09 03:52:55'),
(165, 199, 'Judge Reynolds', 'Facilis occaecati est non assumenda vel eius. Nesciunt ducimus maxime molestiae incidunt omnis itaque temporibus.', 3, '2020-05-09 03:52:55', '2020-05-09 03:52:55'),
(166, 84, 'Eldred Ryan', 'Nobis et maiores aut veniam dignissimos. Esse distinctio nihil ut veritatis qui eaque laborum.', 0, '2020-05-09 03:52:55', '2020-05-09 03:52:55'),
(167, 135, 'Manley Powlowski', 'Dicta odit soluta consequatur odio velit quam. Sunt ullam autem quia alias est molestiae voluptatum. Aut voluptas repellat ea ea tenetur animi. Alias odit dolor magnam omnis deserunt voluptatem optio et.', 0, '2020-05-09 03:52:55', '2020-05-09 03:52:55'),
(168, 137, 'Prof. Gregoria Ritchie', 'Molestiae est repudiandae voluptatem quae occaecati. Aperiam similique omnis optio sint. Quo ipsa eum sunt. Nobis consequatur et ea. Exercitationem labore dolorum officiis omnis nisi aut voluptas sunt.', 1, '2020-05-09 03:52:55', '2020-05-09 03:52:55'),
(169, 10, 'Mrs. Eloisa Dibbert DDS', 'Odit ut nam dolorum officia neque officiis. Error ea quisquam voluptatem nemo magni esse dolorum. Atque suscipit suscipit earum esse aperiam id fugiat. Distinctio quisquam blanditiis quis libero enim.', 3, '2020-05-09 03:52:55', '2020-05-09 03:52:55'),
(170, 141, 'Jamal Auer MD', 'Quis rerum saepe laborum voluptates. Repellat eaque ullam nulla quidem sint et. Soluta vel dolorem vitae magni quis et omnis. Natus eveniet voluptatibus et libero qui odio ut veniam.', 2, '2020-05-09 03:52:55', '2020-05-09 03:52:55'),
(171, 128, 'Ms. Vilma Tromp I', 'Quo laborum ad velit totam nesciunt placeat corrupti. Repellat exercitationem id suscipit quis consequuntur minima consequatur. Officiis dolorem incidunt dolor.', 2, '2020-05-09 03:52:55', '2020-05-09 03:52:55'),
(172, 31, 'Janae Tillman DDS', 'Sunt aut a aliquid omnis deleniti quasi. Amet itaque neque autem velit et ratione est id. Dolor sunt voluptate ab asperiores neque a.', 3, '2020-05-09 03:52:55', '2020-05-09 03:52:55'),
(173, 199, 'Miss Brenna Ziemann', 'Et et aut qui velit aperiam natus. Sed numquam iure quam sequi minima consequatur. Omnis rerum minus sunt ullam optio ipsam.', 3, '2020-05-09 03:52:55', '2020-05-09 03:52:55'),
(174, 175, 'Prof. Kendall Rippin I', 'Ut assumenda omnis aut et asperiores. Cumque incidunt asperiores reprehenderit aspernatur sit excepturi odit possimus. Quia occaecati iure consequatur quo delectus aut laudantium.', 1, '2020-05-09 03:52:55', '2020-05-09 03:52:55'),
(175, 100, 'Jaleel Maggio', 'Error pariatur unde cupiditate quibusdam possimus vel. Magnam dignissimos et id fuga placeat et enim. Repudiandae id quis magnam rerum quasi.', 0, '2020-05-09 03:52:55', '2020-05-09 03:52:55'),
(176, 58, 'Mr. Quincy Labadie', 'Rerum totam excepturi maxime similique sint dolores voluptas. Et vel et enim cumque beatae quos consequatur vel. Itaque explicabo repellendus placeat neque qui vel ut dolor.', 3, '2020-05-09 03:52:55', '2020-05-09 03:52:55'),
(177, 185, 'Dallin Renner', 'Quas ad id et eos asperiores reiciendis fugit. Praesentium voluptates ad reprehenderit autem sint facere. Deserunt quo autem non fugit possimus. Non dolorem labore eum tempora.', 1, '2020-05-09 03:52:55', '2020-05-09 03:52:55'),
(178, 176, 'Felton Hagenes Sr.', 'Non sunt sint in et neque consectetur veritatis nesciunt. Pariatur velit eius beatae rerum dolore voluptatem. Eveniet voluptatem cupiditate quis et esse omnis aperiam. Aut aperiam mollitia quaerat vel reprehenderit ut. Delectus earum nam qui alias qui voluptatibus.', 3, '2020-05-09 03:52:55', '2020-05-09 03:52:55'),
(179, 161, 'Kamille Yost', 'Cupiditate accusantium sint delectus vel corporis. Rerum iste inventore qui voluptas iure voluptatem voluptas. Voluptatum laborum dolorem itaque. Nulla dolorem perferendis et dicta voluptatibus non.', 0, '2020-05-09 03:52:55', '2020-05-09 03:52:55'),
(180, 2, 'Keagan Gerlach', 'Asperiores iure reiciendis eaque reprehenderit esse quae. Enim rem odio aut. Culpa aut amet id odio architecto.', 2, '2020-05-09 03:52:55', '2020-05-09 03:52:55'),
(181, 99, 'Cara Rogahn', 'Ut enim aut aliquam voluptatem ea. Adipisci rerum rem fugit soluta. Ut et ut sed reprehenderit sint dolorem ipsum reiciendis.', 4, '2020-05-09 03:52:55', '2020-05-09 03:52:55'),
(182, 166, 'Lucio Zboncak', 'Omnis quibusdam repellendus et possimus porro sed. Minus quis expedita placeat temporibus repellendus. Ex sed quia consequatur.', 0, '2020-05-09 03:52:55', '2020-05-09 03:52:55'),
(183, 113, 'Mrs. Brandy O\'Keefe', 'Quia voluptas omnis esse aut vitae suscipit. Mollitia dolores eveniet eos explicabo eos facere. Culpa totam consequatur sapiente. Sapiente adipisci maxime et nihil.', 2, '2020-05-09 03:52:55', '2020-05-09 03:52:55'),
(184, 179, 'Mr. Abner Abshire V', 'Explicabo explicabo aut et sed saepe laboriosam cum nisi. Qui laboriosam in est doloribus dolorum sit et perferendis. Et sed enim et sapiente et maxime aspernatur.', 2, '2020-05-09 03:52:55', '2020-05-09 03:52:55'),
(185, 125, 'Lyda D\'Amore', 'Eaque saepe adipisci aspernatur et aperiam. Natus aut ut aut dolorum est facilis. Qui nobis est nihil sed culpa doloremque. Ducimus eaque iure aut adipisci aspernatur doloribus suscipit pariatur.', 0, '2020-05-09 03:52:55', '2020-05-09 03:52:55'),
(186, 64, 'Bobby Streich', 'Qui eum atque nam id aut adipisci quaerat. Aut saepe facilis neque animi quia in recusandae. Officia qui illo voluptas voluptate. Quia quibusdam aut dolorem itaque ex quo sed.', 2, '2020-05-09 03:52:55', '2020-05-09 03:52:55'),
(187, 36, 'Dangelo Schinner', 'Qui laborum omnis sed assumenda aliquid reprehenderit qui. Quasi aliquam molestiae omnis excepturi sunt error. Laudantium saepe corporis ipsam possimus est.', 3, '2020-05-09 03:52:55', '2020-05-09 03:52:55'),
(188, 109, 'Fidel McKenzie', 'Error unde sit quibusdam dolorum aut dolore corrupti. Deleniti ab quam temporibus eligendi. Asperiores nihil voluptas ullam corrupti nulla ut dicta. Eum tempora ea ea velit optio debitis.', 2, '2020-05-09 03:52:55', '2020-05-09 03:52:55'),
(189, 153, 'Trystan Kessler', 'Dolorem deserunt dolores iure et laudantium. Rerum vel laborum mollitia odit velit quisquam non optio. Molestiae fuga ut earum est ut quibusdam modi. Sit ut reprehenderit corporis et dolor ut.', 5, '2020-05-09 03:52:55', '2020-05-09 03:52:55'),
(190, 138, 'Ms. Mellie Wuckert Jr.', 'Velit tempore quis aspernatur eligendi molestiae. Expedita ut maxime nisi ut dicta. Id cum fugit animi veritatis sint aperiam aperiam voluptatibus.', 1, '2020-05-09 03:52:55', '2020-05-09 03:52:55'),
(191, 176, 'Clovis Daniel IV', 'Qui ea quaerat provident est iure. Sed nulla quis cumque. Non molestiae dolorum error tempore repellat consequatur corrupti. Sed nemo libero voluptas ullam magnam fuga et aut.', 0, '2020-05-09 03:52:55', '2020-05-09 03:52:55'),
(192, 66, 'Carlie Fisher V', 'Velit veritatis incidunt ipsa enim aut. Et recusandae sed nesciunt iusto nisi molestiae maiores. Consequuntur ut non quisquam accusamus officia laboriosam ut. Dolores alias amet dolor quis sequi dolor molestiae.', 1, '2020-05-09 03:52:55', '2020-05-09 03:52:55'),
(193, 192, 'Dr. Daniela Hahn III', 'Officiis nam rerum deleniti quasi. Quam nisi delectus aut doloremque ut et.', 3, '2020-05-09 03:52:55', '2020-05-09 03:52:55'),
(194, 14, 'Kennith Stamm', 'Consequatur ea amet corporis. Sint recusandae ex ut dolorem error. Harum tempora et laborum consequuntur aut.', 1, '2020-05-09 03:52:55', '2020-05-09 03:52:55'),
(195, 199, 'Mossie Brekke III', 'Numquam suscipit omnis rerum nobis. Dicta at hic et. Unde aspernatur quibusdam et cumque tempore culpa. Magnam ut et qui ut hic.', 3, '2020-05-09 03:52:55', '2020-05-09 03:52:55'),
(196, 42, 'Anthony Boehm', 'Asperiores aliquam et est expedita quis reiciendis. Quos eveniet quod rerum illum excepturi. Quisquam facilis deserunt eos. Provident qui corporis et tempore saepe eaque voluptatibus.', 3, '2020-05-09 03:52:55', '2020-05-09 03:52:55'),
(197, 136, 'Gay Schneider', 'Et omnis eum harum nisi. Aut qui maxime sit eveniet. Consequatur quidem unde cum et at tempore. Assumenda numquam assumenda delectus repudiandae eveniet.', 4, '2020-05-09 03:52:55', '2020-05-09 03:52:55'),
(198, 144, 'Keyon Hills', 'Distinctio nemo nam dolores et. Suscipit corrupti asperiores consectetur officia. Enim ea odio aut voluptatem eveniet recusandae.', 3, '2020-05-09 03:52:55', '2020-05-09 03:52:55'),
(199, 51, 'Dr. Carmelo Schinner', 'Quia vel voluptatem in ad magni cumque. Eveniet cum ratione necessitatibus amet sunt dignissimos veritatis consequatur. Eveniet in aspernatur eum sit quo ea.', 4, '2020-05-09 03:52:55', '2020-05-09 03:52:55'),
(200, 130, 'Mrs. Lenna Predovic', 'Eos eius reiciendis nemo exercitationem velit exercitationem incidunt in. Vel vel et sapiente illum quis excepturi. Ipsum qui autem tempora aut a neque dolores. Eligendi numquam molestias in impedit veritatis id consequuntur doloribus.', 5, '2020-05-09 03:52:55', '2020-05-09 03:52:55'),
(201, 94, 'Prof. Stephanie Price', 'Tempore sunt ab voluptatibus odit in voluptatem. Facere deserunt quia voluptates aut quo. Totam quis iusto ipsam ipsam perspiciatis est minus tenetur. Sed distinctio voluptatibus vel excepturi.', 2, '2020-05-09 03:52:55', '2020-05-09 03:52:55'),
(202, 133, 'Abbie Christiansen', 'Dolores temporibus voluptas sit officia. Expedita tempore possimus officiis voluptatibus quos voluptatem. Officiis earum error sit similique doloremque. Tenetur officia voluptatem necessitatibus accusamus.', 0, '2020-05-09 03:52:55', '2020-05-09 03:52:55'),
(203, 75, 'Lelah Ritchie', 'Enim ut et et vero sed expedita culpa. Doloremque voluptatem alias debitis eum et esse aperiam. Nihil exercitationem nihil et maiores fuga commodi voluptates et. Veniam consequatur ut consectetur totam quod voluptas.', 0, '2020-05-09 03:52:55', '2020-05-09 03:52:55'),
(204, 183, 'Corene Metz Jr.', 'Dolorum suscipit nostrum eum iure sunt. Adipisci aut quaerat totam consequatur adipisci. Recusandae et odit cupiditate id. Dolores inventore nisi sed eum animi consequuntur.', 3, '2020-05-09 03:52:55', '2020-05-09 03:52:55'),
(205, 107, 'Nicholaus Murazik', 'Nam maxime dolore cupiditate officia. Sit incidunt quas ullam eveniet reprehenderit. Vel quibusdam ea in incidunt. Libero unde recusandae est repellat nam minima.', 0, '2020-05-09 03:52:55', '2020-05-09 03:52:55'),
(206, 132, 'Valerie Connelly', 'Consequatur at porro possimus in. Nam iste omnis temporibus et ratione. Non itaque adipisci dolorem dolores voluptatum rerum saepe. Nihil quis eaque perspiciatis sit consequatur voluptatem quas.', 0, '2020-05-09 03:52:55', '2020-05-09 03:52:55'),
(207, 185, 'Miss Samantha McLaughlin', 'Eum necessitatibus nisi qui nulla labore quae excepturi. Enim aut repudiandae et id. Est tempora suscipit aspernatur tempora. Et voluptatem eaque aut debitis doloremque repellat porro.', 5, '2020-05-09 03:52:55', '2020-05-09 03:52:55'),
(208, 51, 'Skylar Conroy DDS', 'Fugit occaecati pariatur magni molestias qui ut dolorem et. Est officia praesentium earum sint autem eveniet. Quia distinctio dolorum quaerat et voluptatem quia.', 3, '2020-05-09 03:52:56', '2020-05-09 03:52:56'),
(209, 54, 'Nannie Moen', 'Voluptates assumenda molestias laboriosam dolores nam vitae. Aliquam aut tenetur quis veritatis asperiores.', 3, '2020-05-09 03:52:56', '2020-05-09 03:52:56');
INSERT INTO `reviews` (`id`, `product_id`, `customer`, `review`, `star`, `created_at`, `updated_at`) VALUES
(210, 121, 'Euna Hahn', 'Inventore tempore libero cupiditate adipisci veritatis fugiat. Nulla sit quia molestias eum non voluptatem sunt. Officiis qui ut explicabo pariatur voluptatem.', 0, '2020-05-09 03:52:56', '2020-05-09 03:52:56'),
(211, 173, 'Mrs. Gladyce Dietrich', 'Quibusdam vitae itaque facere minima. Debitis dicta odio numquam. Dolore velit impedit quia eum dolorum enim voluptatem est.', 2, '2020-05-09 03:52:56', '2020-05-09 03:52:56'),
(212, 131, 'Salvatore Mosciski MD', 'Et accusamus ex qui et dolore. Cum et ut aliquam atque. Dolores at aut unde accusantium eos dolores. Veniam nostrum voluptatem labore illum.', 2, '2020-05-09 03:52:56', '2020-05-09 03:52:56'),
(213, 71, 'Melyna Wiegand', 'Laborum voluptatum et voluptate vero ratione quasi cumque. Ad non ab voluptates rem veritatis consequatur. Pariatur quae in commodi est aut optio. Nisi eaque sequi ab explicabo suscipit qui.', 5, '2020-05-09 03:52:56', '2020-05-09 03:52:56'),
(214, 100, 'Cristian O\'Conner', 'Aliquid voluptatum ab non nulla tempore. Enim dolorem repellendus magnam iusto ut et. Et repellat nam suscipit sapiente. Quibusdam tempore autem ea nam repudiandae consequatur assumenda.', 4, '2020-05-09 03:52:56', '2020-05-09 03:52:56'),
(215, 29, 'Kasey Walker', 'Voluptatem consequatur libero consectetur cumque ut et voluptas ut. Et exercitationem sit reprehenderit suscipit architecto velit quidem ea. Vero in quis magni nam veniam ut rem.', 0, '2020-05-09 03:52:56', '2020-05-09 03:52:56'),
(216, 149, 'Lamar DuBuque', 'Eligendi magni enim deleniti. Quos nihil delectus sunt sit. Eum perspiciatis aut voluptatem nulla consectetur autem.', 5, '2020-05-09 03:52:56', '2020-05-09 03:52:56'),
(217, 1, 'Mr. Kameron Gerlach', 'Iure cupiditate ea maiores nisi nulla est ut aperiam. Occaecati perferendis saepe voluptas et delectus ipsum. Ullam libero expedita ut amet. Omnis possimus quasi laboriosam commodi voluptatum.', 3, '2020-05-09 03:52:56', '2020-05-09 03:52:56'),
(218, 68, 'Dwight Goyette', 'Soluta et nam numquam. Molestiae eveniet at dignissimos omnis. Voluptatem in eius quas impedit delectus. Quasi sapiente totam et porro et aut et.', 0, '2020-05-09 03:52:56', '2020-05-09 03:52:56'),
(219, 102, 'Armani Hills', 'Aut laborum culpa et non velit eius et laudantium. Asperiores officiis ipsam quisquam atque iure dolorem.', 2, '2020-05-09 03:52:56', '2020-05-09 03:52:56'),
(220, 9, 'Chandler McCullough', 'Molestias et numquam repellendus voluptatum vitae corporis. Molestias occaecati rerum amet aut. Inventore molestiae deserunt ut unde.', 3, '2020-05-09 03:52:56', '2020-05-09 03:52:56'),
(221, 157, 'Maximilian Schimmel', 'Necessitatibus soluta voluptatibus dolores. Aut architecto ea ad consequuntur. Officia debitis odio exercitationem enim.', 0, '2020-05-09 03:52:56', '2020-05-09 03:52:56'),
(222, 58, 'Dr. Cleve Runolfsson III', 'Quia dicta repellendus similique dolorem. Dolorem inventore debitis et qui dolorem fuga explicabo tenetur. Voluptatem maxime et eligendi non alias dolor neque. Qui aut unde a nihil numquam dignissimos.', 4, '2020-05-09 03:52:56', '2020-05-09 03:52:56'),
(223, 107, 'Rodrigo Swaniawski Jr.', 'Voluptates aut sint et. Optio sit non totam alias in voluptatem. Excepturi laboriosam et voluptatem vel qui. Aliquam repudiandae aut laboriosam corporis magnam.', 0, '2020-05-09 03:52:56', '2020-05-09 03:52:56'),
(224, 16, 'Mathilde Jenkins', 'Doloribus animi voluptatem doloremque aspernatur qui blanditiis deleniti. Tempore non iusto corrupti velit est dolorem. Sed sint error porro delectus voluptatem.', 4, '2020-05-09 03:52:56', '2020-05-09 03:52:56'),
(225, 128, 'Baby Bruen Jr.', 'Sint in eaque quos. Adipisci quis officiis aut et aspernatur mollitia officiis soluta. Et fuga asperiores beatae. Sit ipsam aperiam sunt vel consequatur itaque non porro.', 2, '2020-05-09 03:52:56', '2020-05-09 03:52:56'),
(226, 71, 'Waino Morissette IV', 'Numquam omnis modi hic dolor atque explicabo. Consequuntur accusantium molestiae tempora voluptatem sed. Eveniet deleniti veritatis commodi impedit est cumque reiciendis. Ipsum dolores error et consequuntur ab aut. Ut laborum eligendi eaque quod pariatur dolorem.', 3, '2020-05-09 03:52:56', '2020-05-09 03:52:56'),
(227, 59, 'Mr. Dino Steuber', 'Earum architecto consequatur quis aut repudiandae. Rerum assumenda aut dolores et. Assumenda aliquid doloribus unde. Et repudiandae qui magnam itaque ut.', 4, '2020-05-09 03:52:56', '2020-05-09 03:52:56'),
(228, 124, 'Ms. Brielle Huels IV', 'Ut non et recusandae. Doloremque quibusdam officia est ut amet hic. Placeat ea mollitia nisi quam qui. Ullam voluptas ullam cum et atque. Nulla voluptatum ea et voluptates et atque.', 0, '2020-05-09 03:52:56', '2020-05-09 03:52:56'),
(229, 171, 'Prof. Mark Wisozk', 'Enim quas exercitationem magnam eligendi. Impedit alias cupiditate distinctio doloremque porro. Est quia accusamus sed incidunt veritatis. Praesentium molestiae ab ullam iusto.', 5, '2020-05-09 03:52:56', '2020-05-09 03:52:56'),
(230, 113, 'Genesis Tromp', 'Voluptatum fugiat error ut et quia laborum consequuntur. Et occaecati ut sunt dolores et. Similique qui eos velit est quis. Vero neque nihil totam laboriosam omnis vero.', 1, '2020-05-09 03:52:56', '2020-05-09 03:52:56'),
(231, 102, 'Dianna Schmitt', 'Nostrum sunt accusamus eligendi enim. Enim quas ut quasi minima. Sint facilis ut et.', 0, '2020-05-09 03:52:56', '2020-05-09 03:52:56'),
(232, 81, 'Leora Stanton', 'Maxime sit corporis voluptatem a dolorem. Quis non et unde. Aliquid autem voluptatem soluta rem.', 0, '2020-05-09 03:52:56', '2020-05-09 03:52:56'),
(233, 91, 'Martine King', 'Reprehenderit ea fugiat veniam et accusamus. Vel possimus in ea hic magnam eaque porro. Commodi dolorem autem facilis.', 4, '2020-05-09 03:52:56', '2020-05-09 03:52:56'),
(234, 143, 'Barton Torp', 'Adipisci in consectetur enim. Velit corrupti tenetur amet quia voluptatem cupiditate quia. Voluptatem voluptas facilis soluta eaque qui quibusdam.', 5, '2020-05-09 03:52:56', '2020-05-09 03:52:56'),
(235, 39, 'Chelsey Cummings', 'Sed fugit quaerat quod ducimus enim quia sit. Et fugit quis qui velit alias quo. Atque quia sed delectus quas. Ducimus sit quibusdam voluptate voluptatem.', 3, '2020-05-09 03:52:56', '2020-05-09 03:52:56'),
(236, 138, 'Judd Heller', 'Unde amet ullam et id. Ipsa vel temporibus nihil. Eaque et neque dolorum nulla est tempore id. Quia et sit adipisci ullam.', 3, '2020-05-09 03:52:56', '2020-05-09 03:52:56'),
(237, 84, 'Kira Brekke', 'Maxime sint soluta et repellat dolorem et modi. Qui quos quis nihil id nesciunt eum veniam. Ea eligendi sint at rem deserunt sapiente. Nulla veritatis recusandae nobis.', 1, '2020-05-09 03:52:56', '2020-05-09 03:52:56'),
(238, 114, 'Katrine Pfeffer', 'Minus eveniet voluptate nisi quia. Placeat fugit sit maxime. Sed quidem provident temporibus quia.', 2, '2020-05-09 03:52:56', '2020-05-09 03:52:56'),
(239, 127, 'Angela Cruickshank', 'Eos corporis voluptatem delectus beatae. Voluptatum est pariatur quae rerum laborum. Ab dicta veritatis mollitia voluptas fugit incidunt et. Sint et nostrum qui ducimus et.', 3, '2020-05-09 03:52:56', '2020-05-09 03:52:56'),
(240, 166, 'Carolyne Cummings', 'Placeat qui beatae aliquid ut qui quia sequi. Cumque nobis consequatur dicta omnis. Numquam optio facilis mollitia fuga quia vero.', 2, '2020-05-09 03:52:56', '2020-05-09 03:52:56'),
(241, 162, 'Kali Marvin', 'Praesentium suscipit quia nemo laboriosam dolor magnam repellat. Iste alias consequuntur nam adipisci quam quaerat ut. Repellendus perferendis aliquid quo possimus. Dignissimos harum molestiae sed quam voluptas incidunt.', 5, '2020-05-09 03:52:56', '2020-05-09 03:52:56'),
(242, 175, 'Dr. Rhea Bosco', 'Sed ex beatae aliquid at fugit. Ullam molestiae delectus aut distinctio in cum explicabo voluptas. Velit quia repellat vel est voluptatem tempore. Voluptatum non nulla delectus.', 2, '2020-05-09 03:52:56', '2020-05-09 03:52:56'),
(243, 89, 'Prof. Jadon Hamill', 'Accusantium voluptas quia eveniet omnis at dolorem quo. Vitae eveniet quo ea vel dolor officiis. Amet nobis ratione vel dolores sit qui iste.', 1, '2020-05-09 03:52:56', '2020-05-09 03:52:56'),
(244, 102, 'Ms. Ofelia Jakubowski PhD', 'Fuga earum corrupti nisi omnis omnis sed. Quisquam molestiae iste animi earum aut recusandae. Libero enim voluptatem sed sed accusamus consectetur. Fugiat odit doloribus eos omnis voluptas sequi.', 2, '2020-05-09 03:52:56', '2020-05-09 03:52:56'),
(245, 10, 'Dr. Kevon Brown V', 'Corporis consequuntur repellat quod ratione possimus. Aut similique fuga nesciunt necessitatibus et nihil. Rerum sed et atque dicta provident non aut. Reiciendis nisi quae molestiae dolorum earum.', 3, '2020-05-09 03:52:56', '2020-05-09 03:52:56'),
(246, 198, 'Parker Jakubowski', 'Maxime nesciunt quia sed cupiditate a sit nobis. Officia aut voluptatem odio quia. Enim sit explicabo sit nihil. Et consequatur autem eos nemo qui veritatis a totam.', 2, '2020-05-09 03:52:56', '2020-05-09 03:52:56'),
(247, 134, 'Sylvan Reynolds', 'Labore est aut natus praesentium dolores atque unde. Voluptatem alias impedit possimus et inventore. Id dicta minima est commodi aut et. Hic et natus doloribus omnis ducimus aut optio velit.', 1, '2020-05-09 03:52:56', '2020-05-09 03:52:56'),
(248, 102, 'Geovanni Rempel', 'Aut mollitia molestiae ad minus. Facilis natus ad dignissimos ab earum accusamus culpa. Laborum quia tempora nemo et voluptatum omnis et. Quae excepturi hic expedita saepe. Consequatur consectetur omnis aspernatur quod quo dignissimos.', 1, '2020-05-09 03:52:56', '2020-05-09 03:52:56'),
(249, 120, 'Madie Streich', 'Officia quis est qui id deleniti id. Tempore et aspernatur facere tempora qui eius.', 2, '2020-05-09 03:52:56', '2020-05-09 03:52:56'),
(250, 135, 'Dillan McCullough III', 'Debitis recusandae accusamus a qui esse odio. Quaerat sed odit soluta quam aut ut accusantium. Aliquam ipsum quam est enim laudantium omnis. Nisi velit est cupiditate debitis harum ea.', 4, '2020-05-09 03:52:56', '2020-05-09 03:52:56'),
(251, 39, 'Serena Abbott', 'Minima ut consectetur voluptatem aut enim rerum quia. Quis veniam et qui cumque aut quia molestiae. Sint beatae doloremque deserunt illo magni. Ipsa est molestias error omnis et. Aperiam eum doloremque est voluptatum.', 5, '2020-05-09 03:52:56', '2020-05-09 03:52:56'),
(252, 32, 'Mozelle Schultz', 'Ut voluptatem accusamus odit iure distinctio quas omnis. Voluptatibus qui accusantium in quo occaecati. Commodi et nulla autem magnam mollitia illum. Nam ut consequatur fugiat ut eum. Tenetur iure ullam veritatis qui iusto.', 1, '2020-05-09 03:52:56', '2020-05-09 03:52:56'),
(253, 144, 'Whitney Daugherty', 'Nesciunt ut inventore explicabo reprehenderit nam. Totam commodi magnam sunt et voluptates. Delectus impedit neque rerum aut exercitationem.', 2, '2020-05-09 03:52:56', '2020-05-09 03:52:56'),
(254, 132, 'Kathryne Connelly', 'Culpa sit ipsa unde molestiae. Ut ex et est enim. A neque quis non corporis.', 3, '2020-05-09 03:52:56', '2020-05-09 03:52:56'),
(255, 171, 'Keyon Kling', 'Debitis fugit odio natus sed voluptatem saepe dolor. Earum quo minima molestiae. Eum eaque delectus quo mollitia accusantium blanditiis et eaque. Iste omnis aut provident consectetur blanditiis omnis rem.', 2, '2020-05-09 03:52:56', '2020-05-09 03:52:56'),
(256, 147, 'Dr. Ines Deckow MD', 'Omnis iusto omnis et laborum non. Voluptas voluptatum distinctio aut aut ab. Qui quia consequatur voluptatem aut deleniti. Fuga sequi nisi suscipit magnam.', 3, '2020-05-09 03:52:56', '2020-05-09 03:52:56'),
(257, 90, 'Mr. Wilber Schmidt Jr.', 'Veritatis labore rerum officiis odio. Id assumenda maxime quibusdam deserunt.', 0, '2020-05-09 03:52:56', '2020-05-09 03:52:56'),
(258, 91, 'Mr. Torey Schamberger', 'Quasi quam sequi earum aut. Est repellat maxime nostrum sed et debitis minima. Officiis praesentium laudantium est aliquid autem qui nihil. Non facere laudantium quisquam officiis illo ea dolor.', 5, '2020-05-09 03:52:56', '2020-05-09 03:52:56'),
(259, 165, 'Henri Quigley', 'Unde corporis minima neque sint animi. Et amet ea dolore saepe fugiat modi vitae. Quas culpa autem libero. Voluptatibus qui iure magni dolores cumque earum.', 0, '2020-05-09 03:52:56', '2020-05-09 03:52:56'),
(260, 137, 'Davonte Purdy', 'Sit saepe quisquam eligendi sit. Ex impedit ut suscipit accusantium ullam ea ab. Et animi accusamus eius dolorem.', 4, '2020-05-09 03:52:56', '2020-05-09 03:52:56'),
(261, 200, 'Narciso Pagac', 'Dolores officia adipisci sint voluptatem et excepturi rerum praesentium. Quaerat non cumque voluptatem labore. Tempore culpa ut tempora accusamus distinctio enim qui qui.', 4, '2020-05-09 03:52:56', '2020-05-09 03:52:56'),
(262, 186, 'Loma Kuvalis', 'Maiores a accusantium repellat laborum ipsa. Voluptate nulla minus dolore voluptas rerum. Illum consequuntur temporibus voluptatem nisi rerum minus et. Hic commodi libero est eos.', 3, '2020-05-09 03:52:56', '2020-05-09 03:52:56'),
(263, 72, 'Mr. Eddie Lind', 'Corporis dolorem fugit dolores est possimus esse nihil. Aut voluptatem qui cum delectus tempore. Quidem dolores accusamus vero eveniet vel molestiae officia quo. Sed nostrum esse praesentium id ipsa nulla.', 5, '2020-05-09 03:52:56', '2020-05-09 03:52:56'),
(264, 100, 'Mrs. Suzanne Dickinson', 'Cum ut et hic at illum. Quaerat consectetur ut commodi suscipit voluptates. Et quas saepe maxime aut quos modi.', 5, '2020-05-09 03:52:56', '2020-05-09 03:52:56'),
(265, 198, 'Dante Kovacek', 'Voluptas ea debitis molestiae aut sit cumque. At sit laudantium excepturi. Hic porro qui perspiciatis impedit nostrum.', 3, '2020-05-09 03:52:56', '2020-05-09 03:52:56'),
(266, 173, 'Maybell Herzog', 'Architecto aliquid voluptatem fuga impedit impedit sed velit aut. Sunt sed similique accusantium sint. Sint corrupti aut deleniti minus et.', 1, '2020-05-09 03:52:56', '2020-05-09 03:52:56'),
(267, 168, 'Avery Sauer', 'Temporibus mollitia aut voluptatum et modi. Labore repellat exercitationem minus sit.', 0, '2020-05-09 03:52:56', '2020-05-09 03:52:56'),
(268, 22, 'Prof. Rico Streich Sr.', 'Magni ad doloremque non. Fuga accusantium labore ullam aut veritatis. Omnis quasi error sint debitis officia ad recusandae. Sed quibusdam quidem natus ipsa.', 0, '2020-05-09 03:52:56', '2020-05-09 03:52:56'),
(269, 136, 'Mr. Thad Jakubowski MD', 'Expedita sunt omnis et consequatur sequi. Atque adipisci et in ducimus. Illum et nisi quia unde autem consequuntur. Sapiente aut provident mollitia deserunt voluptatem voluptates nesciunt.', 0, '2020-05-09 03:52:56', '2020-05-09 03:52:56'),
(270, 168, 'Lessie Baumbach', 'Qui cum alias est eveniet reprehenderit eum quia. Fugiat id error ut et architecto. Accusamus molestias cum rem aut aut. Repellendus eos enim tempora quaerat nam iste quo.', 0, '2020-05-09 03:52:56', '2020-05-09 03:52:56'),
(271, 144, 'Emelie Russel', 'Tempora et deleniti quia voluptatum quidem. Dolores dolores quia provident. Voluptas cupiditate saepe voluptas id molestias incidunt consectetur.', 2, '2020-05-09 03:52:56', '2020-05-09 03:52:56'),
(272, 177, 'Lora Brown', 'Nihil qui incidunt libero ab libero quidem. Atque dolor eaque consequatur dignissimos. Id tenetur aut expedita omnis dolor voluptatem saepe consequatur. Sapiente iste perspiciatis voluptatem rerum expedita.', 4, '2020-05-09 03:52:56', '2020-05-09 03:52:56'),
(273, 170, 'Mrs. Ludie Hackett DDS', 'Officiis esse velit inventore. Explicabo sapiente dolorum ut error doloribus consequatur. Maxime sint molestiae ipsam tempore velit itaque.', 3, '2020-05-09 03:52:56', '2020-05-09 03:52:56'),
(274, 199, 'Timmothy Kreiger', 'Non animi qui sit ut autem. Laudantium aliquam ducimus voluptas excepturi tempora omnis. Mollitia cupiditate optio et dolor ipsam perferendis unde reprehenderit. Reiciendis aut ipsum voluptas.', 3, '2020-05-09 03:52:56', '2020-05-09 03:52:56'),
(275, 56, 'Gia Tromp', 'Et itaque numquam quibusdam quia voluptates aut voluptate quam. Quae iusto quia necessitatibus illum earum facilis.', 5, '2020-05-09 03:52:56', '2020-05-09 03:52:56'),
(276, 8, 'Dr. Maximillian Jerde', 'A ad autem harum inventore. Totam nemo nihil animi tenetur in sed. Delectus dolor vero sunt laudantium.', 4, '2020-05-09 03:52:56', '2020-05-09 03:52:56'),
(277, 106, 'Josefina Jerde V', 'Et praesentium ut illo doloremque ut quidem repellat. Necessitatibus non neque architecto vel dolor sed. Commodi in voluptatibus porro et est praesentium consequatur.', 2, '2020-05-09 03:52:56', '2020-05-09 03:52:56'),
(278, 157, 'Kaylah Lueilwitz', 'Esse quod quia nulla velit nisi saepe adipisci. Ea quibusdam adipisci unde porro dolores. Ut corrupti aut id rerum et consequatur. Omnis nostrum odio ut ratione nulla ab tempora. Et aliquid recusandae ut debitis.', 0, '2020-05-09 03:52:56', '2020-05-09 03:52:56'),
(279, 180, 'Mireya Sporer I', 'Explicabo omnis aspernatur iste omnis qui ipsam. Ratione soluta quas quidem voluptatem. Vero similique voluptates et blanditiis maxime et voluptate consequatur. Aut cumque qui ducimus unde.', 1, '2020-05-09 03:52:56', '2020-05-09 03:52:56'),
(280, 74, 'Dr. Cecile Oberbrunner', 'Natus doloribus accusamus sint earum beatae autem. Harum aspernatur pariatur molestias sit facilis ab inventore. Culpa ut repellat quidem rem recusandae repellat temporibus quo.', 4, '2020-05-09 03:52:56', '2020-05-09 03:52:56'),
(281, 73, 'Molly Mayert', 'Corrupti sit odit explicabo laborum eos est. Porro quia optio dolor consequatur. Distinctio enim qui aut. Ut nesciunt corporis voluptatem aut dolorum. Eum quasi eligendi possimus omnis ratione.', 3, '2020-05-09 03:52:56', '2020-05-09 03:52:56'),
(282, 160, 'Prof. Sage Baumbach I', 'Nam ipsum quia est a adipisci. Et harum illum laudantium dolore dolorem. Quae aut vel aperiam quas consequatur repellendus.', 2, '2020-05-09 03:52:56', '2020-05-09 03:52:56'),
(283, 86, 'Cristopher Marvin', 'Laudantium est blanditiis eligendi error et repellendus nemo. Qui et est eum non. Omnis maxime cum aut quo. Cumque tempore temporibus rem soluta voluptatem nemo.', 5, '2020-05-09 03:52:56', '2020-05-09 03:52:56'),
(284, 128, 'Toy Kling', 'Non dolores iste eos neque. Et suscipit consectetur neque qui odit ipsum similique. Ut veniam ut voluptatem est excepturi expedita. Neque doloribus qui reiciendis blanditiis.', 5, '2020-05-09 03:52:56', '2020-05-09 03:52:56'),
(285, 186, 'Meghan Dicki DDS', 'Sapiente hic sit et. Fugiat quia eos doloremque numquam culpa. Quibusdam consequuntur nesciunt illo modi.', 2, '2020-05-09 03:52:56', '2020-05-09 03:52:56'),
(286, 63, 'Mrs. Kyra Kilback', 'Aut labore vitae non consectetur aliquid nulla. Magnam dolorem reiciendis culpa eos labore. Voluptas vitae aliquam vel quos et.', 1, '2020-05-09 03:52:56', '2020-05-09 03:52:56'),
(287, 99, 'Dolores Lind', 'In ex non praesentium earum cupiditate qui. Quae quis numquam impedit assumenda doloribus quas deserunt. Magnam sint vel ullam soluta molestiae fugit omnis non. Dolore tenetur voluptas eligendi error doloribus id.', 4, '2020-05-09 03:52:56', '2020-05-09 03:52:56'),
(288, 64, 'Prof. Kevin Harvey II', 'Dolores omnis et minus dolores. Veniam vero et fugiat aut voluptatum. Molestiae qui molestiae inventore qui in vel consectetur sit. Est dolorem nam amet atque assumenda voluptatum non. Error omnis non accusantium facilis nulla voluptatem.', 3, '2020-05-09 03:52:56', '2020-05-09 03:52:56'),
(289, 1, 'Grace Nienow', 'Perferendis nihil dolor excepturi necessitatibus. Voluptatum eos nemo consequatur dolore. Eius doloribus iure temporibus sunt et non molestiae.', 1, '2020-05-09 03:52:56', '2020-05-09 03:52:56'),
(290, 22, 'Sharon Boyer', 'Commodi ut et ut esse. Consequatur velit adipisci labore sit quasi assumenda explicabo. Quasi aliquid perspiciatis praesentium debitis.', 4, '2020-05-09 03:52:56', '2020-05-09 03:52:56'),
(291, 183, 'Aida Hand', 'Voluptas qui eos excepturi rerum enim totam neque. Deleniti sit possimus non quis ad. Consequuntur nobis et ratione consectetur et quia ut. Repellat repudiandae dolore voluptatem. Et voluptas aspernatur incidunt ex asperiores qui.', 5, '2020-05-09 03:52:56', '2020-05-09 03:52:56'),
(292, 50, 'Dr. Terry Ledner', 'Ut asperiores tenetur adipisci molestias odio debitis nobis. Alias cupiditate iste sapiente nesciunt maiores illo quia quo. Repellendus facere labore delectus voluptas ullam ad ut harum.', 4, '2020-05-09 03:52:56', '2020-05-09 03:52:56'),
(293, 95, 'Ms. Alivia Towne', 'Blanditiis optio qui est eaque. Et placeat voluptas labore veniam. Eos consequatur veritatis reiciendis recusandae sint. Ab id temporibus illum deleniti.', 2, '2020-05-09 03:52:56', '2020-05-09 03:52:56'),
(294, 51, 'Prof. Serena Nitzsche V', 'Nihil quis repudiandae ut maxime quia possimus. Non deleniti sit est velit eius accusantium eaque.', 3, '2020-05-09 03:52:56', '2020-05-09 03:52:56'),
(295, 123, 'Chad Jenkins', 'Temporibus perferendis qui eligendi illum amet provident cum. Rerum est repellendus id. Nam autem delectus quibusdam at quia sequi.', 4, '2020-05-09 03:52:56', '2020-05-09 03:52:56'),
(296, 141, 'Alysha Kuhlman MD', 'Suscipit repudiandae accusamus nostrum sunt et fugiat quia. Voluptates in ut debitis veritatis earum voluptas. Porro aut suscipit possimus sed esse.', 4, '2020-05-09 03:52:56', '2020-05-09 03:52:56'),
(297, 23, 'Darrick Tromp', 'Unde quis provident dolore totam quo tempore. Exercitationem dolor consectetur ut quo repellat. Dicta ducimus ipsum perferendis laudantium deleniti id adipisci.', 4, '2020-05-09 03:52:56', '2020-05-09 03:52:56'),
(298, 167, 'Alisa Macejkovic', 'Enim modi sed distinctio voluptas beatae corrupti. Reiciendis reprehenderit natus cum quos saepe omnis molestias voluptates. Cum vel assumenda similique iure. Ea facilis accusamus blanditiis nostrum quasi officia.', 4, '2020-05-09 03:52:56', '2020-05-09 03:52:56'),
(299, 44, 'Juanita Schaefer', 'Qui et ratione iusto est. Veniam aut inventore nisi tempora est eos. Praesentium delectus aut recusandae adipisci nihil eaque illo. Recusandae excepturi ipsa dolore dolorum error reprehenderit.', 2, '2020-05-09 03:52:56', '2020-05-09 03:52:56'),
(300, 105, 'Laverna Schiller', 'Ullam cupiditate consequatur perferendis qui. Accusamus dicta doloribus velit laudantium. Quae distinctio culpa ut est accusantium aperiam. Excepturi blanditiis non quae aut ullam.', 5, '2020-05-09 03:52:56', '2020-05-09 03:52:56');

-- --------------------------------------------------------

--
-- Table structure for table `users`
--

CREATE TABLE `users` (
  `id` bigint(20) UNSIGNED NOT NULL,
  `name` varchar(255) COLLATE utf8mb4_unicode_ci NOT NULL,
  `email` varchar(255) COLLATE utf8mb4_unicode_ci NOT NULL,
  `email_verified_at` timestamp NULL DEFAULT NULL,
  `password` varchar(255) COLLATE utf8mb4_unicode_ci NOT NULL,
  `remember_token` varchar(100) COLLATE utf8mb4_unicode_ci DEFAULT NULL,
  `created_at` timestamp NULL DEFAULT NULL,
  `updated_at` timestamp NULL DEFAULT NULL
) ENGINE=InnoDB DEFAULT CHARSET=utf8mb4 COLLATE=utf8mb4_unicode_ci;

--
-- Indexes for dumped tables
--

--
-- Indexes for table `failed_jobs`
--
ALTER TABLE `failed_jobs`
  ADD PRIMARY KEY (`id`);

--
-- Indexes for table `migrations`
--
ALTER TABLE `migrations`
  ADD PRIMARY KEY (`id`);

--
-- Indexes for table `products`
--
ALTER TABLE `products`
  ADD PRIMARY KEY (`id`);

--
-- Indexes for table `reviews`
--
ALTER TABLE `reviews`
  ADD PRIMARY KEY (`id`),
  ADD KEY `reviews_product_id_index` (`product_id`);

--
-- Indexes for table `users`
--
ALTER TABLE `users`
  ADD PRIMARY KEY (`id`),
  ADD UNIQUE KEY `users_email_unique` (`email`);

--
-- AUTO_INCREMENT for dumped tables
--

--
-- AUTO_INCREMENT for table `failed_jobs`
--
ALTER TABLE `failed_jobs`
  MODIFY `id` bigint(20) UNSIGNED NOT NULL AUTO_INCREMENT;

--
-- AUTO_INCREMENT for table `migrations`
--
ALTER TABLE `migrations`
  MODIFY `id` int(10) UNSIGNED NOT NULL AUTO_INCREMENT, AUTO_INCREMENT=5;

--
-- AUTO_INCREMENT for table `products`
--
ALTER TABLE `products`
  MODIFY `id` bigint(20) UNSIGNED NOT NULL AUTO_INCREMENT, AUTO_INCREMENT=201;

--
-- AUTO_INCREMENT for table `reviews`
--
ALTER TABLE `reviews`
  MODIFY `id` bigint(20) UNSIGNED NOT NULL AUTO_INCREMENT, AUTO_INCREMENT=301;

--
-- AUTO_INCREMENT for table `users`
--
ALTER TABLE `users`
  MODIFY `id` bigint(20) UNSIGNED NOT NULL AUTO_INCREMENT;

--
-- Constraints for dumped tables
--

--
-- Constraints for table `reviews`
--
ALTER TABLE `reviews`
  ADD CONSTRAINT `reviews_product_id_foreign` FOREIGN KEY (`product_id`) REFERENCES `products` (`id`) ON DELETE CASCADE;
COMMIT;

/*!40101 SET CHARACTER_SET_CLIENT=@OLD_CHARACTER_SET_CLIENT */;
/*!40101 SET CHARACTER_SET_RESULTS=@OLD_CHARACTER_SET_RESULTS */;
/*!40101 SET COLLATION_CONNECTION=@OLD_COLLATION_CONNECTION */;
